time,parent,analyte,matrix,species,conc,ID,weight
0,atrazine,atrazine,amphib,LF,2.579782807,LFA0-1,1.8401
0,atrazine,atrazine,amphib,LF,1.691182353,LFA0-2,2.8486
0,atrazine,atrazine,amphib,LF,12.52319717,LFA0-3,2.307
0,atrazine,atrazine,amphib,LF,2.970273811,LFA0-4,2.2679
0,atrazine,atrazine,amphib,LF,8.050942336,LFA0-5,2.1439
0,atrazine,atrazine,amphib,LF,7.478230678,LFA0-6,1.8628
2,atrazine,atrazine,amphib,LF,2.186808836,LFA2-1,3.039
2,atrazine,atrazine,amphib,LF,5.338854395,LFA2-2,2.0345
2,atrazine,atrazine,amphib,LF,1.693429589,LFA2-3,2.196
2,atrazine,atrazine,amphib,LF,8.968187875,LFA2-4,2.6681
2,atrazine,atrazine,amphib,LF,1.454206808,LFA2-5,2.3648
2,atrazine,atrazine,amphib,LF,1.718054357,LFA2-6,1.9188
4,atrazine,atrazine,amphib,LF,1.715569485,LFA4-1,2.3476
4,atrazine,atrazine,amphib,LF,6.984378843,LFA4-2,2.6426
4,atrazine,atrazine,amphib,LF,6.344470461,LFA4-3,2.4232
4,atrazine,atrazine,amphib,LF,5.22674822,LFA4-4,2.445
4,atrazine,atrazine,amphib,LF,6.179038725,LFA4-5,2.948
4,atrazine,atrazine,amphib,LF,6.938256641,LFA4-6,1.6108
6,atrazine,atrazine,amphib,LF,10.56528408,LFA6-1,2.1958
6,atrazine,atrazine,amphib,LF,3.335388968,LFA6-2,1.2869
6,atrazine,atrazine,amphib,LF,2.457491841,LFA6-3,2.1608
6,atrazine,atrazine,amphib,LF,3.983431248,LFA6-4,1.6483
6,atrazine,atrazine,amphib,LF,2.391884077,LFA6-5,1.8843
6,atrazine,atrazine,amphib,LF,11.18965486,LFA6-6,2.469
8,atrazine,atrazine,amphib,LF,2.162953353,LFA8-1,3.1323
8,atrazine,atrazine,amphib,LF,1.650446686,LFA8-2,2.2558
8,atrazine,atrazine,amphib,LF,6.76940713,LFA8-3,1.446
8,atrazine,atrazine,amphib,LF,6.916300496,LFA8-4,2.0923
8,atrazine,atrazine,amphib,LF,5.647878305,LFA8-5,2.1607
8,atrazine,atrazine,amphib,LF,5.714846427,LFA8-6,1.8342
10,atrazine,atrazine,amphib,LF,3.480676652,LFA10-1,2.4663
10,atrazine,atrazine,amphib,LF,1.886771004,LFA10-2,2.0268
10,atrazine,atrazine,amphib,LF,10.2979071,LFA10-3,2.2651
10,atrazine,atrazine,amphib,LF,8.724901716,LFA10-4,2.3059
10,atrazine,atrazine,amphib,LF,1.892744068,LFA10-5,2.2861
10,atrazine,atrazine,amphib,LF,3.632494432,LFA10-6,2.2728
0,atrazine,dia,amphib,LF,0.883956554,LFA0-1,1.8401
0,atrazine,dia,amphib,LF,0.205952276,LFA0-2,2.8486
0,atrazine,dia,amphib,LF,2.264216568,LFA0-3,2.307
0,atrazine,dia,amphib,LF,1.482399083,LFA0-4,2.2679
0,atrazine,dia,amphib,LF,3.373042598,LFA0-5,2.1439
0,atrazine,dia,amphib,LF,2.225213926,LFA0-6,1.8628
2,atrazine,dia,amphib,LF,0.471455178,LFA2-1,3.039
2,atrazine,dia,amphib,LF,1.949823738,LFA2-2,2.0345
2,atrazine,dia,amphib,LF,0.292870608,LFA2-3,2.196
2,atrazine,dia,amphib,LF,3.731628198,LFA2-4,2.6681
2,atrazine,dia,amphib,LF,0.14346792,LFA2-5,2.3648
2,atrazine,dia,amphib,LF,0.26117143,LFA2-6,1.9188
4,atrazine,dia,amphib,LF,0.6469172,LFA4-1,2.3476
4,atrazine,dia,amphib,LF,1.788309618,LFA4-2,2.6426
4,atrazine,dia,amphib,LF,2.700054508,LFA4-3,2.4232
4,atrazine,dia,amphib,LF,2.092548368,LFA4-4,2.445
4,atrazine,dia,amphib,LF,2.353271366,LFA4-5,2.948
4,atrazine,dia,amphib,LF,1.975622073,LFA4-6,1.6108
6,atrazine,dia,amphib,LF,3.855276739,LFA6-1,2.1958
6,atrazine,dia,amphib,LF,1.141669373,LFA6-2,1.2869
6,atrazine,dia,amphib,LF,0.927557192,LFA6-3,2.1608
6,atrazine,dia,amphib,LF,1.405738977,LFA6-4,1.6483
6,atrazine,dia,amphib,LF,1.161620282,LFA6-5,1.8843
6,atrazine,dia,amphib,LF,1.95303981,LFA6-6,2.469
8,atrazine,dia,amphib,LF,0.545024076,LFA8-1,3.1323
8,atrazine,dia,amphib,LF,0.408263481,LFA8-2,2.2558
8,atrazine,dia,amphib,LF,3.362166411,LFA8-3,1.446
8,atrazine,dia,amphib,LF,1.016458624,LFA8-4,2.0923
8,atrazine,dia,amphib,LF,0.36577586,LFA8-5,2.1607
8,atrazine,dia,amphib,LF,1.810445265,LFA8-6,1.8342
10,atrazine,dia,amphib,LF,2.258392125,LFA10-1,2.4663
10,atrazine,dia,amphib,LF,0.736112269,LFA10-2,2.0268
10,atrazine,dia,amphib,LF,2.600443851,LFA10-3,2.2651
10,atrazine,dia,amphib,LF,2.130334501,LFA10-4,2.3059
10,atrazine,dia,amphib,LF,0.439163266,LFA10-5,2.2861
10,atrazine,dia,amphib,LF,0.570875335,LFA10-6,2.2728
0,atrazine,dea,amphib,LF,0.685584346,LFA0-1,1.8401
0,atrazine,dea,amphib,LF,0.118879766,LFA0-2,2.8486
0,atrazine,dea,amphib,LF,1.338857338,LFA0-3,2.307
0,atrazine,dea,amphib,LF,1.093625539,LFA0-4,2.2679
0,atrazine,dea,amphib,LF,2.380726136,LFA0-5,2.1439
0,atrazine,dea,amphib,LF,1.682752858,LFA0-6,1.8628
2,atrazine,dea,amphib,LF,0.287109189,LFA2-1,3.039
2,atrazine,dea,amphib,LF,1.196575679,LFA2-2,2.0345
2,atrazine,dea,amphib,LF,0.189837807,LFA2-3,2.196
2,atrazine,dea,amphib,LF,2.474574759,LFA2-4,2.6681
2,atrazine,dea,amphib,LF,0.111010166,LFA2-5,2.3648
2,atrazine,dea,amphib,LF,0.20206445,LFA2-6,1.9188
4,atrazine,dea,amphib,LF,0.558891269,LFA4-1,2.3476
4,atrazine,dea,amphib,LF,1.389183511,LFA4-2,2.6426
4,atrazine,dea,amphib,LF,2.339546273,LFA4-3,2.4232
4,atrazine,dea,amphib,LF,1.869070547,LFA4-4,2.445
4,atrazine,dea,amphib,LF,1.557399508,LFA4-5,2.948
4,atrazine,dea,amphib,LF,1.558110176,LFA4-6,1.6108
6,atrazine,dea,amphib,LF,3.079389639,LFA6-1,2.1958
6,atrazine,dea,amphib,LF,0.933856532,LFA6-2,1.2869
6,atrazine,dea,amphib,LF,0.778610102,LFA6-3,2.1608
6,atrazine,dea,amphib,LF,0.853475907,LFA6-4,1.6483
6,atrazine,dea,amphib,LF,0.689705614,LFA6-5,1.8843
6,atrazine,dea,amphib,LF,1.229569015,LFA6-6,2.469
8,atrazine,dea,amphib,LF,0.309594142,LFA8-1,3.1323
8,atrazine,dea,amphib,LF,0.319681564,LFA8-2,2.2558
8,atrazine,dea,amphib,LF,2.116817307,LFA8-3,1.446
8,atrazine,dea,amphib,LF,0.762246202,LFA8-4,2.0923
8,atrazine,dea,amphib,LF,0.260688476,LFA8-5,2.1607
8,atrazine,dea,amphib,LF,1.001451498,LFA8-6,1.8342
10,atrazine,dea,amphib,LF,1.49583694,LFA10-1,2.4663
10,atrazine,dea,amphib,LF,0.490295537,LFA10-2,2.0268
10,atrazine,dea,amphib,LF,2.291578308,LFA10-3,2.2651
10,atrazine,dea,amphib,LF,1.908682536,LFA10-4,2.3059
10,atrazine,dea,amphib,LF,0.445776132,LFA10-5,2.2861
10,atrazine,dea,amphib,LF,0.614928403,LFA10-6,2.2728
0,atrazine,atrazine,soil,LF,10.28385855,LFA0-1,5.9135
0,atrazine,atrazine,soil,LF,10.04358875,LFA0-2,4.5118
0,atrazine,atrazine,soil,LF,10.18871524,LFA0-3,4.9146
0,atrazine,atrazine,soil,LF,9.401012307,LFA0-4,6.28
0,atrazine,atrazine,soil,LF,9.516150521,LFA0-5,5.4423
0,atrazine,atrazine,soil,LF,9.708402094,LFA0-6,5.7435
2,atrazine,atrazine,soil,LF,9.403882995,LFA2-1,4.3124
2,atrazine,atrazine,soil,LF,12.1209408,LFA2-2,5.9805
2,atrazine,atrazine,soil,LF,9.820321561,LFA2-3,5.0907
2,atrazine,atrazine,soil,LF,13.65865567,LFA2-4,6.1589
2,atrazine,atrazine,soil,LF,13.82500689,LFA2-5,3.409
2,atrazine,atrazine,soil,LF,6.981617026,LFA2-6,4.9921
4,atrazine,atrazine,soil,LF,8.71398867,LFA4-1,6.2392
4,atrazine,atrazine,soil,LF,10.31826446,LFA4-2,5.9945
4,atrazine,atrazine,soil,LF,9.424200962,LFA4-3,5.0274
4,atrazine,atrazine,soil,LF,8.210686345,LFA4-4,5.9502
4,atrazine,atrazine,soil,LF,12.47499464,LFA4-5,6.2421
4,atrazine,atrazine,soil,LF,17.10511501,LFA4-6,4.7843
6,atrazine,atrazine,soil,LF,15.28179321,LFA6-1,3.7613
6,atrazine,atrazine,soil,LF,15.71271657,LFA6-2,5.6584
6,atrazine,atrazine,soil,LF,9.706286223,LFA6-3,5.3989
6,atrazine,atrazine,soil,LF,16.37966534,LFA6-4,5.226
6,atrazine,atrazine,soil,LF,10.61265033,LFA6-5,4.7298
6,atrazine,atrazine,soil,LF,12.59011285,LFA6-6,3.6917
8,atrazine,atrazine,soil,LF,12.46770392,LFA8-1,6.2641
8,atrazine,atrazine,soil,LF,10.90836606,LFA8-2,4.9191
8,atrazine,atrazine,soil,LF,13.47173605,LFA8-3,4.7237
8,atrazine,atrazine,soil,LF,10.84867262,LFA8-4,5.0384
8,atrazine,atrazine,soil,LF,9.786848989,LFA8-5,5.191
8,atrazine,atrazine,soil,LF,12.68276321,LFA8-6,6.3714
10,atrazine,atrazine,soil,LF,7.717010983,LFA10-1,4.881
10,atrazine,atrazine,soil,LF,9.412734091,LFA10-2,5.7379
10,atrazine,atrazine,soil,LF,12.23989264,LFA10-3,6.538
10,atrazine,atrazine,soil,LF,11.84987009,LFA10-4,5.6868
10,atrazine,atrazine,soil,LF,8.395562665,LFA10-5,4.825
10,atrazine,atrazine,soil,LF,7.01665685,LFA10-6,5.8398
0,atrazine,dia,soil,LF,0.03213396,LFA0-1,5.9135
0,atrazine,dia,soil,LF,0.039735645,LFA0-2,4.5118
0,atrazine,dia,soil,LF,0.035786804,LFA0-3,4.9146
0,atrazine,dia,soil,LF,0.046370059,LFA0-4,6.28
0,atrazine,dia,soil,LF,0.071267615,LFA0-5,5.4423
0,atrazine,dia,soil,LF,0.034245841,LFA0-6,5.7435
2,atrazine,dia,soil,LF,0.037616706,LFA2-1,4.3124
2,atrazine,dia,soil,LF,0.04219977,LFA2-2,5.9805
2,atrazine,dia,soil,LF,0.033938574,LFA2-3,5.0907
2,atrazine,dia,soil,LF,0.056362539,LFA2-4,6.1589
2,atrazine,dia,soil,LF,0.052058052,LFA2-5,3.409
2,atrazine,dia,soil,LF,0.037204939,LFA2-6,4.9921
4,atrazine,dia,soil,LF,0.030773042,LFA4-1,6.2392
4,atrazine,dia,soil,LF,0.041361374,LFA4-2,5.9945
4,atrazine,dia,soil,LF,0.070353747,LFA4-3,5.0274
4,atrazine,dia,soil,LF,0.032742838,LFA4-4,5.9502
4,atrazine,dia,soil,LF,0.042338733,LFA4-5,6.2421
4,atrazine,dia,soil,LF,0.037171878,LFA4-6,4.7843
6,atrazine,dia,soil,LF,0.047740625,LFA6-1,3.7613
6,atrazine,dia,soil,LF,0.034533625,LFA6-2,5.6584
6,atrazine,dia,soil,LF,0.036314789,LFA6-3,5.3989
6,atrazine,dia,soil,LF,0.04246275,LFA6-4,5.226
6,atrazine,dia,soil,LF,0.041618552,LFA6-5,4.7298
6,atrazine,dia,soil,LF,0.045366964,LFA6-6,3.6917
8,atrazine,dia,soil,LF,0.029057887,LFA8-1,6.2641
8,atrazine,dia,soil,LF,0.033800078,LFA8-2,4.9191
8,atrazine,dia,soil,LF,0.034630556,LFA8-3,4.7237
8,atrazine,dia,soil,LF,0.034346932,LFA8-4,5.0384
8,atrazine,dia,soil,LF,0.03219457,LFA8-5,5.191
8,atrazine,dia,soil,LF,0.027305273,LFA8-6,6.3714
10,atrazine,dia,soil,LF,0.052085964,LFA10-1,4.881
10,atrazine,dia,soil,LF,0.031311716,LFA10-2,5.7379
10,atrazine,dia,soil,LF,0.028745734,LFA10-3,6.538
10,atrazine,dia,soil,LF,0.047452892,LFA10-4,5.6868
10,atrazine,dia,soil,LF,0.03427203,LFA10-5,4.825
10,atrazine,dia,soil,LF,0.02862084,LFA10-6,5.8398
0,atrazine,dea,soil,LF,0.021695507,LFA0-1,5.9135
0,atrazine,dea,soil,LF,0.020985714,LFA0-2,4.5118
0,atrazine,dea,soil,LF,0.0169438,LFA0-3,4.9146
0,atrazine,dea,soil,LF,0.036549509,LFA0-4,6.28
0,atrazine,dea,soil,LF,0.059143339,LFA0-5,5.4423
0,atrazine,dea,soil,LF,0.01905291,LFA0-6,5.7435
2,atrazine,dea,soil,LF,0.016220581,LFA2-1,4.3124
2,atrazine,dea,soil,LF,0.036402229,LFA2-2,5.9805
2,atrazine,dea,soil,LF,0.017401323,LFA2-3,5.0907
2,atrazine,dea,soil,LF,0.049324989,LFA2-4,6.1589
2,atrazine,dea,soil,LF,0.024514369,LFA2-5,3.409
2,atrazine,dea,soil,LF,0.015483107,LFA2-6,4.9921
4,atrazine,dea,soil,LF,0.01904063,LFA4-1,6.2392
4,atrazine,dea,soil,LF,0.03435691,LFA4-2,5.9945
4,atrazine,dea,soil,LF,0.068179407,LFA4-3,5.0274
4,atrazine,dea,soil,LF,0.02647731,LFA4-4,5.9502
4,atrazine,dea,soil,LF,0.034814925,LFA4-5,6.2421
4,atrazine,dea,soil,LF,0.026439811,LFA4-6,4.7843
6,atrazine,dea,soil,LF,0.029437985,LFA6-1,3.7613
6,atrazine,dea,soil,LF,0.029266023,LFA6-2,5.6584
6,atrazine,dea,soil,LF,0.022624179,LFA6-3,5.3989
6,atrazine,dea,soil,LF,0.034093541,LFA6-4,5.226
6,atrazine,dea,soil,LF,0.0286258,LFA6-5,4.7298
6,atrazine,dea,soil,LF,0.020529628,LFA6-6,3.6917
8,atrazine,dea,soil,LF,0.021728381,LFA8-1,6.2641
8,atrazine,dea,soil,LF,0.020895864,LFA8-2,4.9191
8,atrazine,dea,soil,LF,0.022134039,LFA8-3,4.7237
8,atrazine,dea,soil,LF,0.02179931,LFA8-4,5.0384
8,atrazine,dea,soil,LF,0.014853901,LFA8-5,5.191
8,atrazine,dea,soil,LF,0.016976421,LFA8-6,6.3714
10,atrazine,dea,soil,LF,0.038222389,LFA10-1,4.881
10,atrazine,dea,soil,LF,0.018313636,LFA10-2,5.7379
10,atrazine,dea,soil,LF,0.025390667,LFA10-3,6.538
10,atrazine,dea,soil,LF,0.046216135,LFA10-4,5.6868
10,atrazine,dea,soil,LF,0.015454452,LFA10-5,4.825
10,atrazine,dea,soil,LF,0.015354169,LFA10-6,5.8398
0,chloro,chloromet,amphib,LF,0.049534914,LFCl0-1,2.9374
0,chloro,chloromet,amphib,LF,0.09431606,LFCl0-2,3.6896
0,chloro,chloromet,amphib,LF,0.065894674,LFCl0-3,2.5049
0,chloro,chloromet,amphib,LF,0.066735354,LFCl0-4,3.0961
0,chloro,chloromet,amphib,LF,0.05459792,LFCl0-5,3.3543
0,chloro,chloromet,amphib,LF,0.110663384,LFCl0-6,2.9449
2,chloro,chloromet,amphib,LF,0.034119313,LFCl2-1,2.982
2,chloro,chloromet,amphib,LF,0.137711222,LFCl2-2,1.1766
2,chloro,chloromet,amphib,LF,0.038844494,LFCl2-3,2.5677
2,chloro,chloromet,amphib,LF,0.034159045,LFCl2-4,3.9146
2,chloro,chloromet,amphib,LF,0.189112734,LFCl2-5,2.4102
2,chloro,chloromet,amphib,LF,0.073108651,LFCl2-6,2.5335
4,chloro,chloromet,amphib,LF,0.046410221,LFCl4-1,2.1336
4,chloro,chloromet,amphib,LF,0.054321653,LFCl4-2,1.3477
4,chloro,chloromet,amphib,LF,0.047421024,LFCl4-3,1.9212
4,chloro,chloromet,amphib,LF,0.077330002,LFCl4-4,2.2279
4,chloro,chloromet,amphib,LF,0.061659489,LFCl4-5,1.2642
4,chloro,chloromet,amphib,LF,0.075510303,LFCl4-6,2.5177
6,chloro,chloromet,amphib,LF,0.027463652,LFCl6-1,2.6744
6,chloro,chloromet,amphib,LF,0.051562219,LFCl6-2,1.9014
6,chloro,chloromet,amphib,LF,0.177693722,LFCl6-3,1.8824
6,chloro,chloromet,amphib,LF,0.029626977,LFCl6-4,2.5356
6,chloro,chloromet,amphib,LF,0.040356887,LFCl6-5,1.9125
6,chloro,chloromet,amphib,LF,0.048697065,LFCl6-6,1.6813
8,chloro,chloromet,amphib,LF,0.100520033,LFCl8-1,3.1849
8,chloro,chloromet,amphib,LF,0.066249062,LFCl8-2,2.1473
8,chloro,chloromet,amphib,LF,0.135997717,LFCl8-3,1.5919
8,chloro,chloromet,amphib,LF,0.086171947,LFCl8-4,1.8071
8,chloro,chloromet,amphib,LF,0.039905604,LFCl8-5,1.8675
8,chloro,chloromet,amphib,LF,0.07148401,LFCl8-6,2.3422
10,chloro,chloromet,amphib,LF,0.026595904,LFCl10-1,2.8692
10,chloro,chloromet,amphib,LF,0.033621317,LFCl10-2,2.2261
10,chloro,chloromet,amphib,LF,0.027361678,LFCl10-3,3.3763
10,chloro,chloromet,amphib,LF,0.034005049,LFCl10-4,2.3394
10,chloro,chloromet,amphib,LF,0.074157011,LFCl10-5,2.4226
10,chloro,chloromet,amphib,LF,0.032016276,LFCl10-6,2.5262
0,chloro,chloromet,soil,LF,0.035439856,LFCl0-1,4.7266
0,chloro,chloromet,soil,LF,0.031817107,LFCl0-2,3.37
0,chloro,chloromet,soil,LF,0.024460784,LFCl0-3,3.6873
0,chloro,chloromet,soil,LF,0.05242399,LFCl0-4,3.2009
0,chloro,chloromet,soil,LF,0.028484496,LFCl0-5,3.2814
0,chloro,chloromet,soil,LF,0.028878049,LFCl0-6,4.231
2,chloro,chloromet,soil,LF,0.042042668,LFCl2-1,2.0763
2,chloro,chloromet,soil,LF,0.043897245,LFCl2-2,3.6588
2,chloro,chloromet,soil,LF,0.032071409,LFCl2-3,3.5107
2,chloro,chloromet,soil,LF,0.02161534,LFCl2-4,3.2822
2,chloro,chloromet,soil,LF,0.028614122,LFCl2-5,3.4377
2,chloro,chloromet,soil,LF,0.023672556,LFCl2-6,3.3967
4,chloro,chloromet,soil,LF,0.01955478,LFCl4-1,4.5524
4,chloro,chloromet,soil,LF,0.027465103,LFCl4-2,3.8445
4,chloro,chloromet,soil,LF,0.028391999,LFCl4-3,3.5277
4,chloro,chloromet,soil,LF,0.036035854,LFCl4-4,3.8172
4,chloro,chloromet,soil,LF,0.014400845,LFCl4-5,5.7603
4,chloro,chloromet,soil,LF,0.02647358,LFCl4-6,3.7275
6,chloro,chloromet,soil,LF,0.02495662,LFCl6-1,3.2504
6,chloro,chloromet,soil,LF,0.029331508,LFCl6-2,3.7324
6,chloro,chloromet,soil,LF,0.030301572,LFCl6-3,4.2609
6,chloro,chloromet,soil,LF,0.025046843,LFCl6-4,3.2843
6,chloro,chloromet,soil,LF,0.021140833,LFCl6-5,4.1343
6,chloro,chloromet,soil,LF,0.018835428,LFCl6-6,4.14
8,chloro,chloromet,soil,LF,0.032858824,LFCl8-1,2.9562
8,chloro,chloromet,soil,LF,0.033659206,LFCl8-2,4.0203
8,chloro,chloromet,soil,LF,0.019855881,LFCl8-3,3.8679
8,chloro,chloromet,soil,LF,0.02468558,LFCl8-4,4.3986
8,chloro,chloromet,soil,LF,0.02070677,LFCl8-5,4.3602
8,chloro,chloromet,soil,LF,0.022588965,LFCl8-6,3.1494
10,chloro,chloromet,soil,LF,0.02306099,LFCl10-1,3.5096
10,chloro,chloromet,soil,LF,0.025883352,LFCl10-2,3.1516
10,chloro,chloromet,soil,LF,0.031604685,LFCl10-3,3.6989
10,chloro,chloromet,soil,LF,0.019487689,LFCl10-4,3.7193
10,chloro,chloromet,soil,LF,0.031149257,LFCl10-5,2.9069
10,chloro,chloromet,soil,LF,0.023836404,LFCl10-6,3.837
0,chloro+d,chloro+d,amphib,LF,0.049534914,LFCl0-1,2.9374
0,chloro+d,chloro+d,amphib,LF,0.09431606,LFCl0-2,3.6896
0,chloro+d,chloro+d,amphib,LF,0.065894674,LFCl0-3,2.5049
0,chloro+d,chloro+d,amphib,LF,0.066735354,LFCl0-4,3.0961
0,chloro+d,chloro+d,amphib,LF,0.05459792,LFCl0-5,3.3543
0,chloro+d,chloro+d,amphib,LF,0.110663384,LFCl0-6,2.9449
2,chloro+d,chloro+d,amphib,LF,0.034119313,LFCl2-1,2.982
2,chloro+d,chloro+d,amphib,LF,0.137711222,LFCl2-2,1.1766
2,chloro+d,chloro+d,amphib,LF,0.038844494,LFCl2-3,2.5677
2,chloro+d,chloro+d,amphib,LF,0.034159045,LFCl2-4,3.9146
2,chloro+d,chloro+d,amphib,LF,0.189112734,LFCl2-5,2.4102
2,chloro+d,chloro+d,amphib,LF,0.073108651,LFCl2-6,2.5335
4,chloro+d,chloro+d,amphib,LF,0.046410221,LFCl4-1,2.1336
4,chloro+d,chloro+d,amphib,LF,0.054321653,LFCl4-2,1.3477
4,chloro+d,chloro+d,amphib,LF,0.047421024,LFCl4-3,1.9212
4,chloro+d,chloro+d,amphib,LF,0.077330002,LFCl4-4,2.2279
4,chloro+d,chloro+d,amphib,LF,0.061659489,LFCl4-5,1.2642
4,chloro+d,chloro+d,amphib,LF,0.075510303,LFCl4-6,2.5177
6,chloro+d,chloro+d,amphib,LF,0.027463652,LFCl6-1,2.6744
6,chloro+d,chloro+d,amphib,LF,0.051562219,LFCl6-2,1.9014
6,chloro+d,chloro+d,amphib,LF,0.177693722,LFCl6-3,1.8824
6,chloro+d,chloro+d,amphib,LF,0.029626977,LFCl6-4,2.5356
6,chloro+d,chloro+d,amphib,LF,0.040356887,LFCl6-5,1.9125
6,chloro+d,chloro+d,amphib,LF,0.048697065,LFCl6-6,1.6813
8,chloro+d,chloro+d,amphib,LF,0.100520033,LFCl8-1,3.1849
8,chloro+d,chloro+d,amphib,LF,0.066249062,LFCl8-2,2.1473
8,chloro+d,chloro+d,amphib,LF,0.135997717,LFCl8-3,1.5919
8,chloro+d,chloro+d,amphib,LF,0.086171947,LFCl8-4,1.8071
8,chloro+d,chloro+d,amphib,LF,0.039905604,LFCl8-5,1.8675
8,chloro+d,chloro+d,amphib,LF,0.07148401,LFCl8-6,2.3422
10,chloro+d,chloro+d,amphib,LF,0.026595904,LFCl10-1,2.8692
10,chloro+d,chloro+d,amphib,LF,0.033621317,LFCl10-2,2.2261
10,chloro+d,chloro+d,amphib,LF,0.027361678,LFCl10-3,3.3763
10,chloro+d,chloro+d,amphib,LF,0.034005049,LFCl10-4,2.3394
10,chloro+d,chloro+d,amphib,LF,0.074157011,LFCl10-5,2.4226
10,chloro+d,chloro+d,amphib,LF,0.032016276,LFCl10-6,2.5262
0,chloro,chloro,soil,LF,97.54771792,LFCl0-1,4.7266
0,chloro,chloro,soil,LF,105.2068112,LFCl0-2,3.37
0,chloro,chloro,soil,LF,104.0471325,LFCl0-3,3.6873
0,chloro,chloro,soil,LF,87.83391191,LFCl0-4,3.2009
0,chloro,chloro,soil,LF,85.2705886,LFCl0-5,3.2814
0,chloro,chloro,soil,LF,110.2800296,LFCl0-6,4.231
2,chloro,chloro,soil,LF,124.7136025,LFCl2-1,2.0763
2,chloro,chloro,soil,LF,93.83616294,LFCl2-2,3.6588
2,chloro,chloro,soil,LF,131.9151605,LFCl2-3,3.5107
2,chloro,chloro,soil,LF,238.150189,LFCl2-4,3.2822
2,chloro,chloro,soil,LF,126.1421937,LFCl2-5,3.4377
2,chloro,chloro,soil,LF,93.01431818,LFCl2-6,3.3967
4,chloro,chloro,soil,LF,54.02956223,LFCl4-1,4.5524
4,chloro,chloro,soil,LF,83.94471454,LFCl4-2,3.8445
4,chloro,chloro,soil,LF,95.16597984,LFCl4-3,3.5277
4,chloro,chloro,soil,LF,108.8411455,LFCl4-4,3.8172
4,chloro,chloro,soil,LF,107.8351603,LFCl4-5,5.7603
4,chloro,chloro,soil,LF,112.551148,LFCl4-6,3.7275
6,chloro,chloro,soil,LF,103.9346865,LFCl6-1,3.2504
6,chloro,chloro,soil,LF,133.1324122,LFCl6-2,3.7324
6,chloro,chloro,soil,LF,177.201436,LFCl6-3,4.2609
6,chloro,chloro,soil,LF,80.2864709,LFCl6-4,3.2843
6,chloro,chloro,soil,LF,107.9943699,LFCl6-5,4.1343
6,chloro,chloro,soil,LF,75.82071048,LFCl6-6,4.14
8,chloro,chloro,soil,LF,98.34669015,LFCl8-1,2.9562
8,chloro,chloro,soil,LF,55.30487111,LFCl8-2,4.0203
8,chloro,chloro,soil,LF,68.31816412,LFCl8-3,3.8679
8,chloro,chloro,soil,LF,77.37304664,LFCl8-4,4.3986
8,chloro,chloro,soil,LF,86.4407278,LFCl8-5,4.3602
8,chloro,chloro,soil,LF,134.219346,LFCl8-6,3.1494
10,chloro,chloro,soil,LF,102.4324273,LFCl10-1,3.5096
10,chloro,chloro,soil,LF,56.13699941,LFCl10-2,3.1516
10,chloro,chloro,soil,LF,149.7004603,LFCl10-3,3.6989
10,chloro,chloro,soil,LF,69.83049,LFCl10-4,3.7193
10,chloro,chloro,soil,LF,51.56836737,LFCl10-5,2.9069
10,chloro,chloro,soil,LF,114.5675617,LFCl10-6,3.837
0,metol,metol,amphib,LF,4.267677087,LFM0-1,1.6635
0,metol,metol,amphib,LF,5.721956829,LFM0-2,2.0778
0,metol,metol,amphib,LF,1.748897837,LFM0-3,2.593
0,metol,metol,amphib,LF,0.806456941,LFM0-4,2.8358
0,metol,metol,amphib,LF,10.63925511,LFM0-5,1.8572
0,metol,metol,amphib,LF,3.688639048,LFM0-6,1.121
2,metol,metol,amphib,LF,1.640306185,LFM2-1,2.2456
2,metol,metol,amphib,LF,5.639864337,LFM2-2,2.4944
2,metol,metol,amphib,LF,0.985224834,LFM2-3,2.5987
2,metol,metol,amphib,LF,1.159396793,LFM2-4,2.0734
2,metol,metol,amphib,LF,2.57235133,LFM2-5,1.9886
2,metol,metol,amphib,LF,3.19002649,LFM2-6,2.7615
4,metol,metol,amphib,LF,2.3898984,LFM4-1,1.8156
4,metol,metol,amphib,LF,1.780858408,LFM4-2,3.0818
4,metol,metol,amphib,LF,1.08822026,LFM4-3,2.8691
4,metol,metol,amphib,LF,1.829340286,LFM4-4,2.2879
4,metol,metol,amphib,LF,2.345929412,LFM4-5,2.746
4,metol,metol,amphib,LF,5.291092536,LFM4-6,2.2357
6,metol,metol,amphib,LF,2.100173605,LFM6-1,2.9968
6,metol,metol,amphib,LF,1.114810193,LFM6-2,2.5795
6,metol,metol,amphib,LF,1.378698045,LFM6-3,2.5535
6,metol,metol,amphib,LF,2.253704813,LFM6-4,1.8
6,metol,metol,amphib,LF,5.376753972,LFM6-5,2.2348
6,metol,metol,amphib,LF,1.702141197,LFM6-6,1.7367
8,metol,metol,amphib,LF,1.181846159,LFM8-1,2.8781
8,metol,metol,amphib,LF,0.746445245,LFM8-2,3.0126
8,metol,metol,amphib,LF,6.060241405,LFM8-3,2.2216
8,metol,metol,amphib,LF,3.979074337,LFM8-4,2.076
8,metol,metol,amphib,LF,0.90171309,LFM8-5,1.7311
8,metol,metol,amphib,LF,3.452448894,LFM8-6,2.016
10,metol,metol,amphib,LF,1.574839899,LFM10-1,2.0918
10,metol,metol,amphib,LF,1.123669198,LFM10-2,1.8813
10,metol,metol,amphib,LF,2.558654328,LFM10-3,2.2104
10,metol,metol,amphib,LF,1.949552248,LFM10-4,3.201
10,metol,metol,amphib,LF,2.179127319,LFM10-5,2.6894
10,metol,metol,amphib,LF,1.130277738,LFM10-6,2.3257
0,metol,mesa,amphib,LF,5.90E-06,LFM0-1,1.6635
0,metol,mesa,amphib,LF,3.20E-06,LFM0-2,2.0778
0,metol,mesa,amphib,LF,1.59E-05,LFM0-3,2.593
0,metol,mesa,amphib,LF,3.83E-06,LFM0-4,2.8358
0,metol,mesa,amphib,LF,0,LFM0-5,1.8572
0,metol,mesa,amphib,LF,1.94E-06,LFM0-6,1.121
2,metol,mesa,amphib,LF,0,LFM2-1,2.2456
2,metol,mesa,amphib,LF,2.20E-06,LFM2-2,2.4944
2,metol,mesa,amphib,LF,1.72E-06,LFM2-3,2.5987
2,metol,mesa,amphib,LF,0,LFM2-4,2.0734
2,metol,mesa,amphib,LF,1.16E-05,LFM2-5,1.9886
2,metol,mesa,amphib,LF,1.04E-05,LFM2-6,2.7615
4,metol,mesa,amphib,LF,6.69E-06,LFM4-1,1.8156
4,metol,mesa,amphib,LF,6.02E-06,LFM4-2,3.0818
4,metol,mesa,amphib,LF,0,LFM4-3,2.8691
4,metol,mesa,amphib,LF,7.91E-06,LFM4-4,2.2879
4,metol,mesa,amphib,LF,1.01E-06,LFM4-5,2.746
4,metol,mesa,amphib,LF,0,LFM4-6,2.2357
6,metol,mesa,amphib,LF,1.28E-06,LFM6-1,2.9968
6,metol,mesa,amphib,LF,9.92E-07,LFM6-2,2.5795
6,metol,mesa,amphib,LF,0,LFM6-3,2.5535
6,metol,mesa,amphib,LF,4.71E-06,LFM6-4,1.8
6,metol,mesa,amphib,LF,4.17E-06,LFM6-5,2.2348
6,metol,mesa,amphib,LF,1.92E-06,LFM6-6,1.7367
8,metol,mesa,amphib,LF,0,LFM8-1,2.8781
8,metol,mesa,amphib,LF,9.41E-07,LFM8-2,3.0126
8,metol,mesa,amphib,LF,1.19E-05,LFM8-3,2.2216
8,metol,mesa,amphib,LF,1.44E-05,LFM8-4,2.076
8,metol,mesa,amphib,LF,6.47E-06,LFM8-5,1.7311
8,metol,mesa,amphib,LF,1.08E-05,LFM8-6,2.016
10,metol,mesa,amphib,LF,2.60E-06,LFM10-1,2.0918
10,metol,mesa,amphib,LF,0,LFM10-2,1.8813
10,metol,mesa,amphib,LF,5.30E-06,LFM10-3,2.2104
10,metol,mesa,amphib,LF,0,LFM10-4,3.201
10,metol,mesa,amphib,LF,0,LFM10-5,2.6894
10,metol,mesa,amphib,LF,3.09E-06,LFM10-6,2.3257
0,metol,moxa,amphib,LF,4.66E-05,LFM0-1,1.6635
0,metol,moxa,amphib,LF,0.000180044,LFM0-2,2.0778
0,metol,moxa,amphib,LF,7.74E-05,LFM0-3,2.593
0,metol,moxa,amphib,LF,4.94E-05,LFM0-4,2.8358
0,metol,moxa,amphib,LF,0.00035287,LFM0-5,1.8572
0,metol,moxa,amphib,LF,0.000281637,LFM0-6,1.121
2,metol,moxa,amphib,LF,3.62E-05,LFM2-1,2.2456
2,metol,moxa,amphib,LF,6.95E-05,LFM2-2,2.4944
2,metol,moxa,amphib,LF,1.27E-05,LFM2-3,2.5987
2,metol,moxa,amphib,LF,5.38E-05,LFM2-4,2.0734
2,metol,moxa,amphib,LF,0.000140995,LFM2-5,1.9886
2,metol,moxa,amphib,LF,9.53E-05,LFM2-6,2.7615
4,metol,moxa,amphib,LF,6.27E-05,LFM4-1,1.8156
4,metol,moxa,amphib,LF,6.34E-05,LFM4-2,3.0818
4,metol,moxa,amphib,LF,3.99E-05,LFM4-3,2.8691
4,metol,moxa,amphib,LF,5.07E-05,LFM4-4,2.2879
4,metol,moxa,amphib,LF,3.53E-05,LFM4-5,2.746
4,metol,moxa,amphib,LF,0.00012665,LFM4-6,2.2357
6,metol,moxa,amphib,LF,1.45E-05,LFM6-1,2.9968
6,metol,moxa,amphib,LF,5.74E-05,LFM6-2,2.5795
6,metol,moxa,amphib,LF,3.78E-05,LFM6-3,2.5535
6,metol,moxa,amphib,LF,4.46E-05,LFM6-4,1.8
6,metol,moxa,amphib,LF,7.74E-05,LFM6-5,2.2348
6,metol,moxa,amphib,LF,4.26E-05,LFM6-6,1.7367
8,metol,moxa,amphib,LF,2.90E-05,LFM8-1,2.8781
8,metol,moxa,amphib,LF,4.06E-05,LFM8-2,3.0126
8,metol,moxa,amphib,LF,0.000139442,LFM8-3,2.2216
8,metol,moxa,amphib,LF,8.46E-05,LFM8-4,2.076
8,metol,moxa,amphib,LF,8.92E-05,LFM8-5,1.7311
8,metol,moxa,amphib,LF,0.000130999,LFM8-6,2.016
10,metol,moxa,amphib,LF,4.12E-05,LFM10-1,2.0918
10,metol,moxa,amphib,LF,0.000117096,LFM10-2,1.8813
10,metol,moxa,amphib,LF,3.74E-05,LFM10-3,2.2104
10,metol,moxa,amphib,LF,1.22E-05,LFM10-4,3.201
10,metol,moxa,amphib,LF,0.000111086,LFM10-5,2.6894
10,metol,moxa,amphib,LF,2.70E-05,LFM10-6,2.3257
0,metol,metol,soil,LF,40.64853462,LFM0-1,3.7439
0,metol,metol,soil,LF,48.47519919,LFM0-2,4.0324
0,metol,metol,soil,LF,41.79217276,LFM0-3,4.2238
0,metol,metol,soil,LF,24.38427683,LFM0-4,4.3713
0,metol,metol,soil,LF,77.00037621,LFM0-5,3.2168
0,metol,metol,soil,LF,48.49721515,LFM0-6,3.7938
2,metol,metol,soil,LF,21.427727,LFM2-1,3.9132
2,metol,metol,soil,LF,25.33585131,LFM2-2,4.6139
2,metol,metol,soil,LF,22.98479209,LFM2-3,3.7128
2,metol,metol,soil,LF,28.23363196,LFM2-4,3.2535
2,metol,metol,soil,LF,27.78584836,LFM2-5,3.9968
2,metol,metol,soil,LF,25.00006343,LFM2-6,4.9066
4,metol,metol,soil,LF,19.25500126,LFM4-1,4.3729
4,metol,metol,soil,LF,25.00425435,LFM4-2,5.1517
4,metol,metol,soil,LF,16.93924625,LFM4-3,4.6967
4,metol,metol,soil,LF,19.02585998,LFM4-4,4.3734
4,metol,metol,soil,LF,30.3513881,LFM4-5,4.5143
4,metol,metol,soil,LF,23.64525737,LFM4-6,4.6927
6,metol,metol,soil,LF,16.91928433,LFM6-1,5.4047
6,metol,metol,soil,LF,22.04401189,LFM6-2,3.8719
6,metol,metol,soil,LF,23.36243329,LFM6-3,4.7515
6,metol,metol,soil,LF,23.06676914,LFM6-4,4.2709
6,metol,metol,soil,LF,24.42190264,LFM6-5,4.5916
6,metol,metol,soil,LF,21.24319583,LFM6-6,4.9347
8,metol,metol,soil,LF,18.25491609,LFM8-1,4.2879
8,metol,metol,soil,LF,20.24836634,LFM8-2,3.8405
8,metol,metol,soil,LF,21.33112732,LFM8-3,4.6632
8,metol,metol,soil,LF,24.93070926,LFM8-4,4.8497
8,metol,metol,soil,LF,21.60699195,LFM8-5,4.2957
8,metol,metol,soil,LF,30.64444223,LFM8-6,4.3194
10,metol,metol,soil,LF,12.49664326,LFM10-1,4.0952
10,metol,metol,soil,LF,29.0739971,LFM10-2,3.5968
10,metol,metol,soil,LF,26.60999165,LFM10-3,3.4627
10,metol,metol,soil,LF,18.22540327,LFM10-4,4.2973
10,metol,metol,soil,LF,25.62284834,LFM10-5,5.0904
10,metol,metol,soil,LF,18.37523411,LFM10-6,4.6801
0,metol,mesa,soil,LF,4.13E-06,LFM0-1,3.7439
0,metol,mesa,soil,LF,1.15E-06,LFM0-2,4.0324
0,metol,mesa,soil,LF,6.38E-07,LFM0-3,4.2238
0,metol,mesa,soil,LF,7.92E-07,LFM0-4,4.3713
0,metol,mesa,soil,LF,0,LFM0-5,3.2168
0,metol,mesa,soil,LF,1.80E-06,LFM0-6,3.7938
2,metol,mesa,soil,LF,2.68E-07,LFM2-1,3.9132
2,metol,mesa,soil,LF,3.45E-07,LFM2-2,4.6139
2,metol,mesa,soil,LF,9.21E-07,LFM2-3,3.7128
2,metol,mesa,soil,LF,4.46E-07,LFM2-4,3.2535
2,metol,mesa,soil,LF,5.00E-07,LFM2-5,3.9968
2,metol,mesa,soil,LF,3.70E-07,LFM2-6,4.9066
4,metol,mesa,soil,LF,1.50E-06,LFM4-1,4.3729
4,metol,mesa,soil,LF,6.35E-07,LFM4-2,5.1517
4,metol,mesa,soil,LF,5.64E-07,LFM4-3,4.6967
4,metol,mesa,soil,LF,0,LFM4-4,4.3734
4,metol,mesa,soil,LF,8.09E-07,LFM4-5,4.5143
4,metol,mesa,soil,LF,1.96E-07,LFM4-6,4.6927
6,metol,mesa,soil,LF,8.21E-07,LFM6-1,5.4047
6,metol,mesa,soil,LF,7.32E-07,LFM6-2,3.8719
6,metol,mesa,soil,LF,3.82E-07,LFM6-3,4.7515
6,metol,mesa,soil,LF,1.45E-06,LFM6-4,4.2709
6,metol,mesa,soil,LF,1.19E-06,LFM6-5,4.5916
6,metol,mesa,soil,LF,1.04E-07,LFM6-6,4.9347
8,metol,mesa,soil,LF,7.43E-07,LFM8-1,4.2879
8,metol,mesa,soil,LF,1.27E-06,LFM8-2,3.8405
8,metol,mesa,soil,LF,5.18E-07,LFM8-3,4.6632
8,metol,mesa,soil,LF,1.62E-07,LFM8-4,4.8497
8,metol,mesa,soil,LF,2.50E-07,LFM8-5,4.2957
8,metol,mesa,soil,LF,5.16E-07,LFM8-6,4.3194
10,metol,mesa,soil,LF,8.78E-07,LFM10-1,4.0952
10,metol,mesa,soil,LF,2.63E-07,LFM10-2,3.5968
10,metol,mesa,soil,LF,6.61E-07,LFM10-3,3.4627
10,metol,mesa,soil,LF,9.86E-07,LFM10-4,4.2973
10,metol,mesa,soil,LF,2.08E-06,LFM10-5,5.0904
10,metol,mesa,soil,LF,1.90E-07,LFM10-6,4.6801
0,metol,moxa,soil,LF,5.44E-05,LFM0-1,3.7439
0,metol,moxa,soil,LF,2.64E-05,LFM0-2,4.0324
0,metol,moxa,soil,LF,0.000132873,LFM0-3,4.2238
0,metol,moxa,soil,LF,3.28E-05,LFM0-4,4.3713
0,metol,moxa,soil,LF,0.00011858,LFM0-5,3.2168
0,metol,moxa,soil,LF,3.20E-05,LFM0-6,3.7938
2,metol,moxa,soil,LF,8.07E-05,LFM2-1,3.9132
2,metol,moxa,soil,LF,1.64E-05,LFM2-2,4.6139
2,metol,moxa,soil,LF,2.86E-05,LFM2-3,3.7128
2,metol,moxa,soil,LF,2.25E-05,LFM2-4,3.2535
2,metol,moxa,soil,LF,5.40E-05,LFM2-5,3.9968
2,metol,moxa,soil,LF,2.26E-05,LFM2-6,4.9066
4,metol,moxa,soil,LF,2.17E-05,LFM4-1,4.3729
4,metol,moxa,soil,LF,1.43E-05,LFM4-2,5.1517
4,metol,moxa,soil,LF,4.86E-05,LFM4-3,4.6967
4,metol,moxa,soil,LF,4.68E-05,LFM4-4,4.3734
4,metol,moxa,soil,LF,1.29E-05,LFM4-5,4.5143
4,metol,moxa,soil,LF,9.82E-06,LFM4-6,4.6927
6,metol,moxa,soil,LF,1.30E-05,LFM6-1,5.4047
6,metol,moxa,soil,LF,4.59E-05,LFM6-2,3.8719
6,metol,moxa,soil,LF,2.65E-05,LFM6-3,4.7515
6,metol,moxa,soil,LF,3.54E-05,LFM6-4,4.2709
6,metol,moxa,soil,LF,1.87E-05,LFM6-5,4.5916
6,metol,moxa,soil,LF,7.92E-06,LFM6-6,4.9347
8,metol,moxa,soil,LF,1.86E-05,LFM8-1,4.2879
8,metol,moxa,soil,LF,4.30E-05,LFM8-2,3.8405
8,metol,moxa,soil,LF,1.30E-05,LFM8-3,4.6632
8,metol,moxa,soil,LF,3.69E-05,LFM8-4,4.8497
8,metol,moxa,soil,LF,2.60E-05,LFM8-5,4.2957
8,metol,moxa,soil,LF,2.66E-05,LFM8-6,4.3194
10,metol,moxa,soil,LF,8.26E-05,LFM10-1,4.0952
10,metol,moxa,soil,LF,6.76E-06,LFM10-2,3.5968
10,metol,moxa,soil,LF,4.06E-05,LFM10-3,3.4627
10,metol,moxa,soil,LF,1.80E-05,LFM10-4,4.2973
10,metol,moxa,soil,LF,2.82E-05,LFM10-5,5.0904
10,metol,moxa,soil,LF,5.45E-05,LFM10-6,4.6801
0,tdn,tdn,amphib,LF,0.930939899,LFT0-1,2.2852
0,tdn,tdn,amphib,LF,1.471139657,LFT0-2,2.0488
0,tdn,tdn,amphib,LF,0.829340824,LFT0-3,1.764
0,tdn,tdn,amphib,LF,0.833541754,LFT0-4,1.52467
0,tdn,tdn,amphib,LF,0.62294824,LFT0-5,1.1919
0,tdn,tdn,amphib,LF,0.78432732,LFT0-6,2.5988
2,tdn,tdn,amphib,LF,1.110827258,LFT2-1,1.2971
2,tdn,tdn,amphib,LF,0.723150994,LFT2-2,1.7873
2,tdn,tdn,amphib,LF,0.72766123,LFT2-3,2.1663
2,tdn,tdn,amphib,LF,0.680213893,LFT2-4,2.631
2,tdn,tdn,amphib,LF,1.064277918,LFT2-5,1.7103
2,tdn,tdn,amphib,LF,0.368484816,LFT2-6,1.8285
4,tdn,tdn,amphib,LF,0.635182857,LFT4-1,1.5065
4,tdn,tdn,amphib,LF,0.572624649,LFT4-2,1.5337
4,tdn,tdn,amphib,LF,0.504992098,LFT4-3,1.842
4,tdn,tdn,amphib,LF,0.46549435,LFT4-4,1.5188
4,tdn,tdn,amphib,LF,0.509286041,LFT4-5,2.1926
4,tdn,tdn,amphib,LF,0.284854462,LFT4-6,1.6119
6,tdn,tdn,amphib,LF,0.62355419,LFT6-1,1.5704
6,tdn,tdn,amphib,LF,0.938534356,LFT6-2,1.6677
6,tdn,tdn,amphib,LF,0.959499205,LFT6-3,2.5715
6,tdn,tdn,amphib,LF,0.910419362,LFT6-4,2.3475
6,tdn,tdn,amphib,LF,0.867963913,LFT6-5,1.4964
6,tdn,tdn,amphib,LF,0.734727511,LFT6-6,2.0291
8,tdn,tdn,amphib,LF,0.613327957,LFT8-1,2.7226
8,tdn,tdn,amphib,LF,0.411175415,LFT8-2,2.5539
8,tdn,tdn,amphib,LF,0.200725621,LFT8-3,1.7762
8,tdn,tdn,amphib,LF,0.284065308,LFT8-4,1.649
8,tdn,tdn,amphib,LF,1.106344271,LFT8-5,1.0845
8,tdn,tdn,amphib,LF,0.710860385,LFT8-6,1.7104
10,tdn,tdn,amphib,LF,0.41777656,LFT10-1,0.9303
10,tdn,tdn,amphib,LF,0.60216825,LFT10-2,1.3548
10,tdn,tdn,amphib,LF,0.560831784,LFT10-3,1.9138
10,tdn,tdn,amphib,LF,0.687153909,LFT10-4,2.1421
10,tdn,tdn,amphib,LF,0.654064226,LFT10-5,1.5553
10,tdn,tdn,amphib,LF,0.489223561,LFT10-6,1.4596
0,tdn,tdla,amphib,LF,0.030925012,LFT0-1,2.2852
0,tdn,tdla,amphib,LF,0.03773171,LFT0-2,2.0488
0,tdn,tdla,amphib,LF,0.026661741,LFT0-3,1.764
0,tdn,tdla,amphib,LF,0.042852147,LFT0-4,1.52467
0,tdn,tdla,amphib,LF,0.030868109,LFT0-5,1.1919
0,tdn,tdla,amphib,LF,0.026820601,LFT0-6,2.5988
2,tdn,tdla,amphib,LF,0.044374751,LFT2-1,1.2971
2,tdn,tdla,amphib,LF,0.035777188,LFT2-2,1.7873
2,tdn,tdla,amphib,LF,0.030967108,LFT2-3,2.1663
2,tdn,tdla,amphib,LF,0.022701673,LFT2-4,2.631
2,tdn,tdla,amphib,LF,0.03710433,LFT2-5,1.7103
2,tdn,tdla,amphib,LF,0.021613392,LFT2-6,1.8285
4,tdn,tdla,amphib,LF,0.027889841,LFT4-1,1.5065
4,tdn,tdla,amphib,LF,0.023804326,LFT4-2,1.5337
4,tdn,tdla,amphib,LF,0.018175218,LFT4-3,1.842
4,tdn,tdla,amphib,LF,0.024380721,LFT4-4,1.5188
4,tdn,tdla,amphib,LF,0.016311275,LFT4-5,2.1926
4,tdn,tdla,amphib,LF,0.018788567,LFT4-6,1.6119
6,tdn,tdla,amphib,LF,0.031996396,LFT6-1,1.5704
6,tdn,tdla,amphib,LF,0.041847321,LFT6-2,1.6677
6,tdn,tdla,amphib,LF,0.028252159,LFT6-3,2.5715
6,tdn,tdla,amphib,LF,0.025813791,LFT6-4,2.3475
6,tdn,tdla,amphib,LF,0.03370205,LFT6-5,1.4964
6,tdn,tdla,amphib,LF,0.025461477,LFT6-6,2.0291
8,tdn,tdla,amphib,LF,0.020895886,LFT8-1,2.7226
8,tdn,tdla,amphib,LF,0.013192474,LFT8-2,2.5539
8,tdn,tdla,amphib,LF,0.018943592,LFT8-3,1.7762
8,tdn,tdla,amphib,LF,0.014735258,LFT8-4,1.649
8,tdn,tdla,amphib,LF,0.035114212,LFT8-5,1.0845
8,tdn,tdla,amphib,LF,0.02085619,LFT8-6,1.7104
10,tdn,tdla,amphib,LF,0.029186033,LFT10-1,0.9303
10,tdn,tdla,amphib,LF,0.022615275,LFT10-2,1.3548
10,tdn,tdla,amphib,LF,0.022153021,LFT10-3,1.9138
10,tdn,tdla,amphib,LF,0.020433617,LFT10-4,2.1421
10,tdn,tdla,amphib,LF,0.024962956,LFT10-5,1.5553
10,tdn,tdla,amphib,LF,0.019790783,LFT10-6,1.4596
0,tdn,tdlb,amphib,LF,0.031020473,LFT0-1,2.2852
0,tdn,tdlb,amphib,LF,0.035801546,LFT0-2,2.0488
0,tdn,tdlb,amphib,LF,0.028804319,LFT0-3,1.764
0,tdn,tdlb,amphib,LF,0.06477127,LFT0-4,1.52467
0,tdn,tdlb,amphib,LF,0.029820333,LFT0-5,1.1919
0,tdn,tdlb,amphib,LF,0.052649353,LFT0-6,2.5988
2,tdn,tdlb,amphib,LF,0.034835971,LFT2-1,1.2971
2,tdn,tdlb,amphib,LF,0.02893873,LFT2-2,1.7873
2,tdn,tdlb,amphib,LF,0.064748791,LFT2-3,2.1663
2,tdn,tdlb,amphib,LF,0.02645829,LFT2-4,2.631
2,tdn,tdlb,amphib,LF,0.052672357,LFT2-5,1.7103
2,tdn,tdlb,amphib,LF,0.024666206,LFT2-6,1.8285
4,tdn,tdlb,amphib,LF,0.017652336,LFT4-1,1.5065
4,tdn,tdlb,amphib,LF,0.032085926,LFT4-2,1.5337
4,tdn,tdlb,amphib,LF,0.006728646,LFT4-3,1.842
4,tdn,tdlb,amphib,LF,0.011207839,LFT4-4,1.5188
4,tdn,tdlb,amphib,LF,0.020254526,LFT4-5,2.1926
4,tdn,tdlb,amphib,LF,0.012125832,LFT4-6,1.6119
6,tdn,tdlb,amphib,LF,0.018090742,LFT6-1,1.5704
6,tdn,tdlb,amphib,LF,0.056814923,LFT6-2,1.6677
6,tdn,tdlb,amphib,LF,0.032434833,LFT6-3,2.5715
6,tdn,tdlb,amphib,LF,0.034345963,LFT6-4,2.3475
6,tdn,tdlb,amphib,LF,0.047158056,LFT6-5,1.4964
6,tdn,tdlb,amphib,LF,0.02875954,LFT6-6,2.0291
8,tdn,tdlb,amphib,LF,0.034899069,LFT8-1,2.7226
8,tdn,tdlb,amphib,LF,0.015955837,LFT8-2,2.5539
8,tdn,tdlb,amphib,LF,0.01851288,LFT8-3,1.7762
8,tdn,tdlb,amphib,LF,0.01280366,LFT8-4,1.649
8,tdn,tdlb,amphib,LF,0.018338372,LFT8-5,1.0845
8,tdn,tdlb,amphib,LF,0.014965762,LFT8-6,1.7104
10,tdn,tdlb,amphib,LF,4.34E-03,LFT10-1,0.9303
10,tdn,tdlb,amphib,LF,0.008239235,LFT10-2,1.3548
10,tdn,tdlb,amphib,LF,0.006417204,LFT10-3,1.9138
10,tdn,tdlb,amphib,LF,0.018902715,LFT10-4,2.1421
10,tdn,tdlb,amphib,LF,0.018992786,LFT10-5,1.5553
10,tdn,tdlb,amphib,LF,0.006590532,LFT10-6,1.4596
0,tdn,tdn,soil,LF,4.130434828,LFT0-1,5.458
0,tdn,tdn,soil,LF,2.985716329,LFT0-2,6.1906
0,tdn,tdn,soil,LF,1.642733275,LFT0-3,4.3951
0,tdn,tdn,soil,LF,2.414613283,LFT0-4,6.7819
0,tdn,tdn,soil,LF,5.771808013,LFT0-5,5.4237
0,tdn,tdn,soil,LF,1.937626035,LFT0-6,3.5567
2,tdn,tdn,soil,LF,2.271520449,LFT2-1,5.9407
2,tdn,tdn,soil,LF,4.918286446,LFT2-2,6.1285
2,tdn,tdn,soil,LF,5.681194498,LFT2-3,5.9536
2,tdn,tdn,soil,LF,3.706855988,LFT2-4,6.2289
2,tdn,tdn,soil,LF,7.040172007,LFT2-5,5.9158
2,tdn,tdn,soil,LF,5.554855056,LFT2-6,4.7454
4,tdn,tdn,soil,LF,2.032910322,LFT4-1,4.9233
4,tdn,tdn,soil,LF,4.664332334,LFT4-2,5.3202
4,tdn,tdn,soil,LF,2.734473466,LFT4-3,4.7739
4,tdn,tdn,soil,LF,2.622252408,LFT4-4,7.1452
4,tdn,tdn,soil,LF,4.132548212,LFT4-5,6.5241
4,tdn,tdn,soil,LF,3.806634854,LFT4-6,5.3294
6,tdn,tdn,soil,LF,4.202597231,LFT6-1,4.5371
6,tdn,tdn,soil,LF,4.502512043,LFT6-2,4.6491
6,tdn,tdn,soil,LF,2.790064544,LFT6-3,5.8005
6,tdn,tdn,soil,LF,3.966455208,LFT6-4,5.1028
6,tdn,tdn,soil,LF,2.731170077,LFT6-5,4.7869
6,tdn,tdn,soil,LF,3.617116849,LFT6-6,4.7984
8,tdn,tdn,soil,LF,3.153568431,LFT8-1,4.5081
8,tdn,tdn,soil,LF,4.090939835,LFT8-2,5.1817
8,tdn,tdn,soil,LF,4.910453014,LFT8-3,3.8091
8,tdn,tdn,soil,LF,3.7801442,LFT8-4,5.7578
8,tdn,tdn,soil,LF,4.037190801,LFT8-5,4.5234
8,tdn,tdn,soil,LF,2.929395097,LFT8-6,5.4905
10,tdn,tdn,soil,LF,3.532352552,LFT10-1,4.2801
10,tdn,tdn,soil,LF,2.533600442,LFT10-2,5.7299
10,tdn,tdn,soil,LF,2.598936796,LFT10-3,6.3424
10,tdn,tdn,soil,LF,2.560020486,LFT10-4,7.2481
10,tdn,tdn,soil,LF,3.946266825,LFT10-5,5.3277
10,tdn,tdn,soil,LF,2.772104224,LFT10-6,5.4112
0,tdn,tdla,soil,LF,0.023383019,LFT0-1,5.458
0,tdn,tdla,soil,LF,0.034459617,LFT0-2,6.1906
0,tdn,tdla,soil,LF,0.018938602,LFT0-3,4.3951
0,tdn,tdla,soil,LF,0.015594197,LFT0-4,6.7819
0,tdn,tdla,soil,LF,0.012549234,LFT0-5,5.4237
0,tdn,tdla,soil,LF,0.025096849,LFT0-6,3.5567
2,tdn,tdla,soil,LF,0.022855057,LFT2-1,5.9407
2,tdn,tdla,soil,LF,0.035275055,LFT2-2,6.1285
2,tdn,tdla,soil,LF,0.034032869,LFT2-3,5.9536
2,tdn,tdla,soil,LF,0.035527016,LFT2-4,6.2289
2,tdn,tdla,soil,LF,0.020038117,LFT2-5,5.9158
2,tdn,tdla,soil,LF,0.03323951,LFT2-6,4.7454
4,tdn,tdla,soil,LF,0.024216646,LFT4-1,4.9233
4,tdn,tdla,soil,LF,0.025176624,LFT4-2,5.3202
4,tdn,tdla,soil,LF,0.017406321,LFT4-3,4.7739
4,tdn,tdla,soil,LF,0.02040865,LFT4-4,7.1452
4,tdn,tdla,soil,LF,0.021092278,LFT4-5,6.5241
4,tdn,tdla,soil,LF,0.016782978,LFT4-6,5.3294
6,tdn,tdla,soil,LF,0.033211492,LFT6-1,4.5371
6,tdn,tdla,soil,LF,0.038990929,LFT6-2,4.6491
6,tdn,tdla,soil,LF,0.031608356,LFT6-3,5.8005
6,tdn,tdla,soil,LF,0.05206965,LFT6-4,5.1028
6,tdn,tdla,soil,LF,0.031737082,LFT6-5,4.7869
6,tdn,tdla,soil,LF,0.034116474,LFT6-6,4.7984
8,tdn,tdla,soil,LF,0.037146451,LFT8-1,4.5081
8,tdn,tdla,soil,LF,0.019451827,LFT8-2,5.1817
8,tdn,tdla,soil,LF,0.015873268,LFT8-3,3.8091
8,tdn,tdla,soil,LF,0.011619412,LFT8-4,5.7578
8,tdn,tdla,soil,LF,0.015409514,LFT8-5,4.5234
8,tdn,tdla,soil,LF,0.022520862,LFT8-6,5.4905
10,tdn,tdla,soil,LF,0.040201602,LFT10-1,4.2801
10,tdn,tdla,soil,LF,0.016608673,LFT10-2,5.7299
10,tdn,tdla,soil,LF,0.025642399,LFT10-3,6.3424
10,tdn,tdla,soil,LF,0.032503445,LFT10-4,7.2481
10,tdn,tdla,soil,LF,0.017486227,LFT10-5,5.3277
10,tdn,tdla,soil,LF,0.010579041,LFT10-6,5.4112
0,tdn,tdlb,soil,LF,0.037591563,LFT0-1,5.458
0,tdn,tdlb,soil,LF,0.051386041,LFT0-2,6.1906
0,tdn,tdlb,soil,LF,0.020572407,LFT0-3,4.3951
0,tdn,tdlb,soil,LF,0.023961172,LFT0-4,6.7819
0,tdn,tdlb,soil,LF,0.021567223,LFT0-5,5.4237
0,tdn,tdlb,soil,LF,0.02397682,LFT0-6,3.5567
2,tdn,tdlb,soil,LF,0.03139891,LFT2-1,5.9407
2,tdn,tdlb,soil,LF,0.06361665,LFT2-2,6.1285
2,tdn,tdlb,soil,LF,0.048784438,LFT2-3,5.9536
2,tdn,tdlb,soil,LF,0.046872854,LFT2-4,6.2289
2,tdn,tdlb,soil,LF,0.028444341,LFT2-5,5.9158
2,tdn,tdlb,soil,LF,0.052058563,LFT2-6,4.7454
4,tdn,tdlb,soil,LF,0.02779243,LFT4-1,4.9233
4,tdn,tdlb,soil,LF,0.037478618,LFT4-2,5.3202
4,tdn,tdlb,soil,LF,0.020439403,LFT4-3,4.7739
4,tdn,tdlb,soil,LF,0.031670542,LFT4-4,7.1452
4,tdn,tdlb,soil,LF,0.02876584,LFT4-5,6.5241
4,tdn,tdlb,soil,LF,0.01787763,LFT4-6,5.3294
6,tdn,tdlb,soil,LF,0.049122052,LFT6-1,4.5371
6,tdn,tdlb,soil,LF,0.060758055,LFT6-2,4.6491
6,tdn,tdlb,soil,LF,0.045419868,LFT6-3,5.8005
6,tdn,tdlb,soil,LF,0.080290575,LFT6-4,5.1028
6,tdn,tdlb,soil,LF,0.054031457,LFT6-5,4.7869
6,tdn,tdlb,soil,LF,0.05309626,LFT6-6,4.7984
8,tdn,tdlb,soil,LF,0.057258053,LFT8-1,4.5081
8,tdn,tdlb,soil,LF,0.028137927,LFT8-2,5.1817
8,tdn,tdlb,soil,LF,0.016198968,LFT8-3,3.8091
8,tdn,tdlb,soil,LF,0.014838053,LFT8-4,5.7578
8,tdn,tdlb,soil,LF,0.016778958,LFT8-5,4.5234
8,tdn,tdlb,soil,LF,0.030062794,LFT8-6,5.4905
10,tdn,tdlb,soil,LF,0.063309172,LFT10-1,4.2801
10,tdn,tdlb,soil,LF,0.023023327,LFT10-2,5.7299
10,tdn,tdlb,soil,LF,0.034500067,LFT10-3,6.3424
10,tdn,tdlb,soil,LF,0.055564428,LFT10-4,7.2481
10,tdn,tdlb,soil,LF,0.023614695,LFT10-5,5.3277
10,tdn,tdlb,soil,LF,0.0073477,LFT10-6,5.4112
0,imid,imid,amphib,LF,0.73148169,LFI0-1,1.2582
0,imid,imid,amphib,LF,1.058790605,LFI0-2,1.8819
0,imid,imid,amphib,LF,0.729321829,LFI0-3,1.0559
0,imid,imid,amphib,LF,0.813666458,LFI0-4,1.8364
0,imid,imid,amphib,LF,0.607467098,LFI0-5,1.0553
0,imid,imid,amphib,LF,0.588522987,LFI0-6,1.2669
2,imid,imid,amphib,LF,0.378511527,LFI2-1,1.3821
2,imid,imid,amphib,LF,0.515549221,LFI2-2,2.0607
2,imid,imid,amphib,LF,0.247500973,LFI2-3,2.613
2,imid,imid,amphib,LF,0.706206114,LFI2-4,1.1331
2,imid,imid,amphib,LF,0.245622417,LFI2-5,1.7318
2,imid,imid,amphib,LF,0.393655166,LFI2-6,1.3617
4,imid,imid,amphib,LF,0.326749679,LFI4-1,1.4804
4,imid,imid,amphib,LF,0.356860152,LFI4-2,2.2314
4,imid,imid,amphib,LF,1.073747665,LFI4-3,1.9358
4,imid,imid,amphib,LF,1.269010141,LFI4-4,1.5865
4,imid,imid,amphib,LF,0.377722198,LFI4-5,1.262
4,imid,imid,amphib,LF,0.55755347,LFI4-6,1.6033
6,imid,imid,amphib,LF,0.10171172,LFI6-1,2.912
6,imid,imid,amphib,LF,0.65112938,LFI6-2,1.7892
6,imid,imid,amphib,LF,0.476857989,LFI6-3,3.7094
6,imid,imid,amphib,LF,0.325613627,LFI6-4,3.1881
6,imid,imid,amphib,LF,0.246360764,LFI6-5,1.6021
6,imid,imid,amphib,LF,1.581594004,LFI6-6,1.8193
8,imid,imid,amphib,LF,0.692484167,LFI8-1,2.0296
8,imid,imid,amphib,LF,0.424924938,LFI8-2,1.7363
8,imid,imid,amphib,LF,0.5739569,LFI8-3,2.1186
8,imid,imid,amphib,LF,0.204579215,LFI8-4,1.6878
8,imid,imid,amphib,LF,0.484179759,LFI8-5,1.0083
8,imid,imid,amphib,LF,0.405938147,LFI8-6,1.8333
10,imid,imid,amphib,LF,0.405218407,LFI10-1,1.5084
10,imid,imid,amphib,LF,0.601787596,LFI10-2,1.5497
10,imid,imid,amphib,LF,0.501054316,LFI10-3,1.8833
10,imid,imid,amphib,LF,0.630482061,LFI10-4,1.4135
10,imid,imid,amphib,LF,0.338901353,LFI10-5,2.1209
10,imid,imid,amphib,LF,0.2421998,LFI10-6,2.1168
0,imid,imid,soil,LF,0.796630992,LFI0-1,3.718
0,imid,imid,soil,LF,0.73091969,LFI0-2,4.2135
0,imid,imid,soil,LF,1.951106685,LFI0-3,3.9598
0,imid,imid,soil,LF,1.440136114,LFI0-4,5.3374
0,imid,imid,soil,LF,1.070180372,LFI0-5,3.1012
0,imid,imid,soil,LF,0.872011851,LFI0-6,4.2252
2,imid,imid,soil,LF,2.471016152,LFI2-1,4.1815
2,imid,imid,soil,LF,1.977314477,LFI2-2,5.2594
2,imid,imid,soil,LF,1.728533516,LFI2-3,4.9767
2,imid,imid,soil,LF,0.687118856,LFI2-4,4.6985
2,imid,imid,soil,LF,0.578877665,LFI2-5,4.2494
2,imid,imid,soil,LF,1.906194111,LFI2-6,4.5537
4,imid,imid,soil,LF,0.208026343,LFI4-1,3.4961
4,imid,imid,soil,LF,1.64100778,LFI4-2,5.6656
4,imid,imid,soil,LF,0.555449529,LFI4-3,4.6614
4,imid,imid,soil,LF,0.608288865,LFI4-4,5.7555
4,imid,imid,soil,LF,1.606632646,LFI4-5,3.9824
4,imid,imid,soil,LF,0.201720786,LFI4-6,5.0253
6,imid,imid,soil,LF,0.879358614,LFI6-1,3.7216
6,imid,imid,soil,LF,0.655219548,LFI6-2,5.18
6,imid,imid,soil,LF,0.207025856,LFI6-3,4.11
6,imid,imid,soil,LF,0.871009475,LFI6-4,3.7049
6,imid,imid,soil,LF,0.839527548,LFI6-5,3.7962
6,imid,imid,soil,LF,0.631287079,LFI6-6,4.1147
8,imid,imid,soil,LF,1.958668613,LFI8-1,3.8046
8,imid,imid,soil,LF,0.934646981,LFI8-2,5.3611
8,imid,imid,soil,LF,0.846438989,LFI8-3,4.1427
8,imid,imid,soil,LF,0.321096879,LFI8-4,5.3967
8,imid,imid,soil,LF,0.689399455,LFI8-5,4.6913
8,imid,imid,soil,LF,0.566227325,LFI8-6,5.4561
10,imid,imid,soil,LF,0.945309838,LFI10-1,4.6267
10,imid,imid,soil,LF,1.292096809,LFI10-2,3.9445
10,imid,imid,soil,LF,0.660569341,LFI10-3,4.3512
10,imid,imid,soil,LF,0.60830659,LFI10-4,3.5198
10,imid,imid,soil,LF,0.209484252,LFI10-5,6.2432
10,imid,imid,soil,LF,1.037851792,LFI10-6,5.2543
0,atrazine,atrazine,amphib,BA,5.570048564,BAA0-1,0.9129
0,atrazine,atrazine,amphib,BA,17.59483119,BAA0-2,0.7719
0,atrazine,atrazine,amphib,BA,3.074205015,BAA0-3,1.07
0,atrazine,atrazine,amphib,BA,15.89886245,BAA0-4,1.5079
0,atrazine,atrazine,amphib,BA,9.78279894,BAA0-5,0.9096
2,atrazine,atrazine,amphib,BA,10.23753505,BAA2-1,1.1548
2,atrazine,atrazine,amphib,BA,23.52791046,BAA2-2,0.9611
2,atrazine,atrazine,amphib,BA,9.934344481,BAA2-3,1.0618
2,atrazine,atrazine,amphib,BA,16.28574707,BAA2-4,0.9384
2,atrazine,atrazine,amphib,BA,13.26608122,BAA2-5,1.1748
4,atrazine,atrazine,amphib,BA,11.91207694,BAA4-1,1.1869
4,atrazine,atrazine,amphib,BA,8.377167028,BAA4-2,0.9488
4,atrazine,atrazine,amphib,BA,6.954592123,BAA4-3,1.1718
4,atrazine,atrazine,amphib,BA,16.17456476,BAA4-4,1.2243
4,atrazine,atrazine,amphib,BA,11.13571587,BAA4-5,1.1315
6,atrazine,atrazine,amphib,BA,2.757883195,BAA6-1,1.1552
6,atrazine,atrazine,amphib,BA,12.22026175,BAA6-2,1.2815
6,atrazine,atrazine,amphib,BA,11.20688617,BAA6-3,1.0089
6,atrazine,atrazine,amphib,BA,6.405223668,BAA6-4,1.2956
6,atrazine,atrazine,amphib,BA,3.694084956,BAA6-5,1.0139
8,atrazine,atrazine,amphib,BA,2.159341322,BAA8-1,1.0626
8,atrazine,atrazine,amphib,BA,4.104816901,BAA8-2,1.132
8,atrazine,atrazine,amphib,BA,3.707013001,BAA8-3,0.9895
8,atrazine,atrazine,amphib,BA,20.84894976,BAA8-4,1.1003
8,atrazine,atrazine,amphib,BA,2.737473998,BAA8-5,0.9161
10,atrazine,atrazine,amphib,BA,11.79072742,BAA10-1,1.2022
10,atrazine,atrazine,amphib,BA,2.638235074,BAA10-2,1.13031
10,atrazine,atrazine,amphib,BA,2.416921895,BAA10-3,1.0534
10,atrazine,atrazine,amphib,BA,3.137873235,BAA10-4,1.0954
10,atrazine,atrazine,amphib,BA,1.920017022,BAA10-5,1.1421
0,atrazine,dia,amphib,BA,7.766524884,BAA0-1,0.9129
0,atrazine,dia,amphib,BA,12.45131717,BAA0-2,0.7719
0,atrazine,dia,amphib,BA,5.320102588,BAA0-3,1.07
0,atrazine,dia,amphib,BA,5.715044717,BAA0-4,1.5079
0,atrazine,dia,amphib,BA,5.869261824,BAA0-5,0.9096
2,atrazine,dia,amphib,BA,10.58945333,BAA2-1,1.1548
2,atrazine,dia,amphib,BA,7.935939437,BAA2-2,0.9611
2,atrazine,dia,amphib,BA,7.112318994,BAA2-3,1.0618
2,atrazine,dia,amphib,BA,7.814099891,BAA2-4,0.9384
2,atrazine,dia,amphib,BA,12.53238825,BAA2-5,1.1748
4,atrazine,dia,amphib,BA,5.565718089,BAA4-1,1.1869
4,atrazine,dia,amphib,BA,8.712137195,BAA4-2,0.9488
4,atrazine,dia,amphib,BA,5.748126854,BAA4-3,1.1718
4,atrazine,dia,amphib,BA,9.890077584,BAA4-4,1.2243
4,atrazine,dia,amphib,BA,6.780861277,BAA4-5,1.1315
6,atrazine,dia,amphib,BA,3.334171705,BAA6-1,1.1552
6,atrazine,dia,amphib,BA,9.666234085,BAA6-2,1.2815
6,atrazine,dia,amphib,BA,6.720714318,BAA6-3,1.0089
6,atrazine,dia,amphib,BA,7.337542308,BAA6-4,1.2956
6,atrazine,dia,amphib,BA,4.857293999,BAA6-5,1.0139
8,atrazine,dia,amphib,BA,0.640285071,BAA8-1,1.0626
8,atrazine,dia,amphib,BA,1.10838183,BAA8-2,1.132
8,atrazine,dia,amphib,BA,5.145217209,BAA8-3,0.9895
8,atrazine,dia,amphib,BA,11.2826734,BAA8-4,1.1003
8,atrazine,dia,amphib,BA,1.138646826,BAA8-5,0.9161
10,atrazine,dia,amphib,BA,8.731598018,BAA10-1,1.2022
10,atrazine,dia,amphib,BA,2.25110159,BAA10-2,1.13031
10,atrazine,dia,amphib,BA,1.579451999,BAA10-3,1.0534
10,atrazine,dia,amphib,BA,3.129736515,BAA10-4,1.0954
10,atrazine,dia,amphib,BA,3.712971564,BAA10-5,1.1421
0,atrazine,dea,amphib,BA,3.058613146,BAA0-1,0.9129
0,atrazine,dea,amphib,BA,3.988922687,BAA0-2,0.7719
0,atrazine,dea,amphib,BA,2.3455216,BAA0-3,1.07
0,atrazine,dea,amphib,BA,2.269933443,BAA0-4,1.5079
0,atrazine,dea,amphib,BA,2.250226339,BAA0-5,0.9096
2,atrazine,dea,amphib,BA,3.784603495,BAA2-1,1.1548
2,atrazine,dea,amphib,BA,4.057496035,BAA2-2,0.9611
2,atrazine,dea,amphib,BA,2.771638269,BAA2-3,1.0618
2,atrazine,dea,amphib,BA,3.182355136,BAA2-4,0.9384
2,atrazine,dea,amphib,BA,4.164263322,BAA2-5,1.1748
4,atrazine,dea,amphib,BA,2.862619247,BAA4-1,1.1869
4,atrazine,dea,amphib,BA,3.263085055,BAA4-2,0.9488
4,atrazine,dea,amphib,BA,1.80792527,BAA4-3,1.1718
4,atrazine,dea,amphib,BA,3.861982528,BAA4-4,1.2243
4,atrazine,dea,amphib,BA,2.537392966,BAA4-5,1.1315
6,atrazine,dea,amphib,BA,1.056498768,BAA6-1,1.1552
6,atrazine,dea,amphib,BA,3.504700546,BAA6-2,1.2815
6,atrazine,dea,amphib,BA,2.146118293,BAA6-3,1.0089
6,atrazine,dea,amphib,BA,2.449565647,BAA6-4,1.2956
6,atrazine,dea,amphib,BA,1.401115269,BAA6-5,1.0139
8,atrazine,dea,amphib,BA,0.373247165,BAA8-1,1.0626
8,atrazine,dea,amphib,BA,0.513509916,BAA8-2,1.132
8,atrazine,dea,amphib,BA,1.950121281,BAA8-3,0.9895
8,atrazine,dea,amphib,BA,5.842955238,BAA8-4,1.1003
8,atrazine,dea,amphib,BA,0.422232929,BAA8-5,0.9161
10,atrazine,dea,amphib,BA,3.070027167,BAA10-1,1.2022
10,atrazine,dea,amphib,BA,0.697984876,BAA10-2,1.13031
10,atrazine,dea,amphib,BA,0.572242294,BAA10-3,1.0534
10,atrazine,dea,amphib,BA,1.122044618,BAA10-4,1.0954
10,atrazine,dea,amphib,BA,1.357626726,BAA10-5,1.1421
0,atrazine,atrazine,soil,BA,9.879328906,BAA0-1,3.9563
0,atrazine,atrazine,soil,BA,12.45547599,BAA0-2,5.3406
0,atrazine,atrazine,soil,BA,15.57844561,BAA0-3,3.5139
0,atrazine,atrazine,soil,BA,15.1520148,BAA0-4,3.9402
0,atrazine,atrazine,soil,BA,14.6984202,BAA0-5,3.8194
2,atrazine,atrazine,soil,BA,12.38453564,BAA2-1,3.0206
2,atrazine,atrazine,soil,BA,14.63994466,BAA2-2,4.4999
2,atrazine,atrazine,soil,BA,13.03487815,BAA2-3,4.2538
2,atrazine,atrazine,soil,BA,14.11139006,BAA2-4,4.6439
2,atrazine,atrazine,soil,BA,15.33431537,BAA2-5,4.5928
4,atrazine,atrazine,soil,BA,15.56081571,BAA4-1,3.8826
4,atrazine,atrazine,soil,BA,11.04392922,BAA4-2,5.3966
4,atrazine,atrazine,soil,BA,15.21711265,BAA4-3,3.6572
4,atrazine,atrazine,soil,BA,15.6599606,BAA4-4,4.3613
4,atrazine,atrazine,soil,BA,17.6440279,BAA4-5,2.7761
6,atrazine,atrazine,soil,BA,13.38816703,BAA6-1,3.49
6,atrazine,atrazine,soil,BA,11.681079,BAA6-2,4.0178
6,atrazine,atrazine,soil,BA,15.18962201,BAA6-3,4.1866
6,atrazine,atrazine,soil,BA,9.038038715,BAA6-4,5.8584
6,atrazine,atrazine,soil,BA,10.67586793,BAA6-5,4.4847
8,atrazine,atrazine,soil,BA,15.04668736,BAA8-1,2.7904
8,atrazine,atrazine,soil,BA,14.11458967,BAA8-2,4.8135
8,atrazine,atrazine,soil,BA,9.505611335,BAA8-3,3.83
8,atrazine,atrazine,soil,BA,11.64743641,BAA8-4,3.5821
8,atrazine,atrazine,soil,BA,10.16095762,BAA8-5,3.6664
10,atrazine,atrazine,soil,BA,20.47418687,BAA10-1,4.0707
10,atrazine,atrazine,soil,BA,9.68353939,BAA10-2,4.7201
10,atrazine,atrazine,soil,BA,14.40605967,BAA10-3,4.7566
10,atrazine,atrazine,soil,BA,18.9224483,BAA10-4,3.2987
10,atrazine,atrazine,soil,BA,11.49634553,BAA10-5,3.529
0,atrazine,dia,soil,BA,0.044381306,BAA0-1,3.9563
0,atrazine,dia,soil,BA,0.060643282,BAA0-2,5.3406
0,atrazine,dia,soil,BA,0.055442167,BAA0-3,3.5139
0,atrazine,dia,soil,BA,0.068566609,BAA0-4,3.9402
0,atrazine,dia,soil,BA,0.04730255,BAA0-5,3.8194
2,atrazine,dia,soil,BA,0.05872073,BAA2-1,3.0206
2,atrazine,dia,soil,BA,0.042419359,BAA2-2,4.4999
2,atrazine,dia,soil,BA,0.045251185,BAA2-3,4.2538
2,atrazine,dia,soil,BA,0.04174154,BAA2-4,4.6439
2,atrazine,dia,soil,BA,0.046523102,BAA2-5,4.5928
4,atrazine,dia,soil,BA,0.058812933,BAA4-1,3.8826
4,atrazine,dia,soil,BA,0.057944766,BAA4-2,5.3966
4,atrazine,dia,soil,BA,0.05102724,BAA4-3,3.6572
4,atrazine,dia,soil,BA,0.048746429,BAA4-4,4.3613
4,atrazine,dia,soil,BA,0.071914487,BAA4-5,2.7761
6,atrazine,dia,soil,BA,0.056198054,BAA6-1,3.49
6,atrazine,dia,soil,BA,0.060598482,BAA6-2,4.0178
6,atrazine,dia,soil,BA,0.047587455,BAA6-3,4.1866
6,atrazine,dia,soil,BA,0.039031234,BAA6-4,5.8584
6,atrazine,dia,soil,BA,0.051559544,BAA6-5,4.4847
8,atrazine,dia,soil,BA,0.062906647,BAA8-1,2.7904
8,atrazine,dia,soil,BA,0.043020294,BAA8-2,4.8135
8,atrazine,dia,soil,BA,0.048917098,BAA8-3,3.83
8,atrazine,dia,soil,BA,0.04809055,BAA8-4,3.5821
8,atrazine,dia,soil,BA,0.047142461,BAA8-5,3.6664
10,atrazine,dia,soil,BA,0.053068072,BAA10-1,4.0707
10,atrazine,dia,soil,BA,0.040746047,BAA10-2,4.7201
10,atrazine,dia,soil,BA,0.039906946,BAA10-3,4.7566
10,atrazine,dia,soil,BA,0.057510053,BAA10-4,3.2987
10,atrazine,dia,soil,BA,0.052849149,BAA10-5,3.529
0,atrazine,dea,soil,BA,0.062890109,BAA0-1,3.9563
0,atrazine,dea,soil,BA,0.06808645,BAA0-2,5.3406
0,atrazine,dea,soil,BA,0.076462062,BAA0-3,3.5139
0,atrazine,dea,soil,BA,0.094030727,BAA0-4,3.9402
0,atrazine,dea,soil,BA,0.068897342,BAA0-5,3.8194
2,atrazine,dea,soil,BA,0.0747555,BAA2-1,3.0206
2,atrazine,dea,soil,BA,0.065794603,BAA2-2,4.4999
2,atrazine,dea,soil,BA,0.069682536,BAA2-3,4.2538
2,atrazine,dea,soil,BA,0.062276633,BAA2-4,4.6439
2,atrazine,dea,soil,BA,0.064010213,BAA2-5,4.5928
4,atrazine,dea,soil,BA,0.081478407,BAA4-1,3.8826
4,atrazine,dea,soil,BA,0.064690003,BAA4-2,5.3966
4,atrazine,dea,soil,BA,0.079984333,BAA4-3,3.6572
4,atrazine,dea,soil,BA,0.067363624,BAA4-4,4.3613
4,atrazine,dea,soil,BA,0.097418212,BAA4-5,2.7761
6,atrazine,dea,soil,BA,0.074555448,BAA6-1,3.49
6,atrazine,dea,soil,BA,0.068754387,BAA6-2,4.0178
6,atrazine,dea,soil,BA,0.067014992,BAA6-3,4.1866
6,atrazine,dea,soil,BA,0.051552006,BAA6-4,5.8584
6,atrazine,dea,soil,BA,0.064942611,BAA6-5,4.4847
8,atrazine,dea,soil,BA,0.087672918,BAA8-1,2.7904
8,atrazine,dea,soil,BA,0.072403291,BAA8-2,4.8135
8,atrazine,dea,soil,BA,0.071631802,BAA8-3,3.83
8,atrazine,dea,soil,BA,0.06940153,BAA8-4,3.5821
8,atrazine,dea,soil,BA,0.065483807,BAA8-5,3.6664
10,atrazine,dea,soil,BA,0.090153553,BAA10-1,4.0707
10,atrazine,dea,soil,BA,0.058317407,BAA10-2,4.7201
10,atrazine,dea,soil,BA,0.061020193,BAA10-3,4.7566
10,atrazine,dea,soil,BA,0.089385924,BAA10-4,3.2987
10,atrazine,dea,soil,BA,0.07719467,BAA10-5,3.529
0,chloro+d,chloro+d,amphib,BA,0.073700244,BACl0-1,0.9583
0,chloro+d,chloro+d,amphib,BA,0.109722213,BACl0-2,0.8457
0,chloro+d,chloro+d,amphib,BA,0.078574387,BACl0-3,0.8989
0,chloro+d,chloro+d,amphib,BA,0.079830754,BACl0-4,0.8843
0,chloro+d,chloro+d,amphib,BA,0.099619209,BACl0-5,0.7097
2,chloro+d,chloro+d,amphib,BA,0.072874896,BACl2-1,1.0144
2,chloro+d,chloro+d,amphib,BA,0.086024643,BACl2-2,0.821
2,chloro+d,chloro+d,amphib,BA,0.092374798,BACl2-3,0.7943
2,chloro+d,chloro+d,amphib,BA,0.064846902,BACl2-4,1.0888
2,chloro+d,chloro+d,amphib,BA,0.087298087,BACl2-5,0.8102
4,chloro+d,chloro+d,amphib,BA,0.085652238,BACl4-1,0.8993
4,chloro+d,chloro+d,amphib,BA,0.081921027,BACl4-2,0.8614
4,chloro+d,chloro+d,amphib,BA,0.103593147,BACl4-3,0.6821
4,chloro+d,chloro+d,amphib,BA,0.093831051,BACl4-4,0.7524
4,chloro+d,chloro+d,amphib,BA,0.066360019,BACl4-5,1.098
6,chloro+d,chloro+d,amphib,BA,0.07063984,BACl6-1,0.9994
6,chloro+d,chloro+d,amphib,BA,0.07145105,BACl6-2,0.9878
6,chloro+d,chloro+d,amphib,BA,0.089348773,BACl6-3,0.9357
6,chloro+d,chloro+d,amphib,BA,0.079091411,BACl6-4,0.8934
6,chloro+d,chloro+d,amphib,BA,0.143725039,BACl6-5,1.0993
8,chloro+d,chloro+d,amphib,BA,0.070210759,BACl8-1,1.0066
8,chloro+d,chloro+d,amphib,BA,0.073540839,BACl8-2,0.9629
8,chloro+d,chloro+d,amphib,BA,0.050197187,BACl8-3,1.4069
8,chloro+d,chloro+d,amphib,BA,0.088529318,BACl8-4,1.1711
8,chloro+d,chloro+d,amphib,BA,0.075353305,BACl8-5,0.9393
10,chloro+d,chloro+d,amphib,BA,0.053909403,BACl10-1,1.3103
10,chloro+d,chloro+d,amphib,BA,0.06896551,BACl10-2,1.0264
10,chloro+d,chloro+d,amphib,BA,0.063794163,BACl10-3,1.1206
10,chloro+d,chloro+d,amphib,BA,0.07005052,BACl10-4,1.0174
10,chloro+d,chloro+d,amphib,BA,0.057094309,BACl10-5,1.2458
0,chloro,chloro,soil,BA,57.75651281,BACl0-1,3.4279
0,chloro,chloro,soil,BA,102.3188471,BACl0-2,3.1749
0,chloro,chloro,soil,BA,65.01196356,BACl0-3,3.6576
0,chloro,chloro,soil,BA,57.35048527,BACl0-4,3.2787
0,chloro,chloro,soil,BA,46.51376561,BACl0-5,3.5396
2,chloro,chloro,soil,BA,33.60251806,BACl2-1,3.791
2,chloro,chloro,soil,BA,59.29310488,BACl2-2,3.0581
2,chloro,chloro,soil,BA,64.92323527,BACl2-3,2.4509
2,chloro,chloro,soil,BA,31.45650376,BACl2-4,3.254
2,chloro,chloro,soil,BA,61.33280569,BACl2-5,3.8997
4,chloro,chloro,soil,BA,60.42139433,BACl4-1,3.4363
4,chloro,chloro,soil,BA,47.39084331,BACl4-2,4.6877
4,chloro,chloro,soil,BA,53.53514586,BACl4-3,3.6868
4,chloro,chloro,soil,BA,55.85180318,BACl4-4,3.9113
4,chloro,chloro,soil,BA,67.77044045,BACl4-5,3.9903
6,chloro,chloro,soil,BA,33.86589381,BACl6-1,3.0158
6,chloro,chloro,soil,BA,24.53526169,BACl6-2,4.5591
6,chloro,chloro,soil,BA,71.16072307,BACl6-3,3.9135
6,chloro,chloro,soil,BA,48.43648594,BACl6-4,2.8681
6,chloro,chloro,soil,BA,33.49242945,BACl6-5,3.5315
8,chloro,chloro,soil,BA,52.62528479,BACl8-1,3.5274
8,chloro,chloro,soil,BA,37.1844573,BACl8-2,3.4453
8,chloro,chloro,soil,BA,73.57869825,BACl8-3,3.2967
8,chloro,chloro,soil,BA,74.75923468,BACl8-4,3.9054
8,chloro,chloro,soil,BA,83.98589503,BACl8-5,3.5332
10,chloro,chloro,soil,BA,38.25020684,BACl10-1,4.1822
10,chloro,chloro,soil,BA,56.72626138,BACl10-2,3.2458
10,chloro,chloro,soil,BA,68.01386873,BACl10-3,3.4718
10,chloro,chloro,soil,BA,102.5827354,BACl10-4,3.6063
10,chloro,chloro,soil,BA,79.54975475,BACl10-5,5.208
0,chloro,chloromet,soil,BA,0.122328378,BACl0-1,3.4279
0,chloro,chloromet,soil,BA,0.110588833,BACl0-2,3.1749
0,chloro,chloromet,soil,BA,0.099328375,BACl0-3,3.6576
0,chloro,chloromet,soil,BA,0.068120644,BACl0-4,3.2787
0,chloro,chloromet,soil,BA,0.06037805,BACl0-5,3.5396
2,chloro,chloromet,soil,BA,0.022192274,BACl2-1,3.791
2,chloro,chloromet,soil,BA,0.123831322,BACl2-2,3.0581
2,chloro,chloromet,soil,BA,0.056095804,BACl2-3,2.4509
2,chloro,chloromet,soil,BA,0.067978535,BACl2-4,3.254
2,chloro,chloromet,soil,BA,0.067568612,BACl2-5,3.8997
4,chloro,chloromet,soil,BA,0.131934352,BACl4-1,3.4363
4,chloro,chloromet,soil,BA,0.03789376,BACl4-2,4.6877
4,chloro,chloromet,soil,BA,0.046559401,BACl4-3,3.6868
4,chloro,chloromet,soil,BA,0.06283193,BACl4-4,3.9113
4,chloro,chloromet,soil,BA,0.047123456,BACl4-5,3.9903
6,chloro,chloromet,soil,BA,0.033231366,BACl6-1,3.0158
6,chloro,chloromet,soil,BA,0.024539241,BACl6-2,4.5591
6,chloro,chloromet,soil,BA,0.035038819,BACl6-3,3.9135
6,chloro,chloromet,soil,BA,0.05070532,BACl6-4,2.8681
6,chloro,chloromet,soil,BA,0.122034032,BACl6-5,3.5315
8,chloro,chloromet,soil,BA,0.043885689,BACl8-1,3.5274
8,chloro,chloromet,soil,BA,0.088287001,BACl8-2,3.4453
8,chloro,chloromet,soil,BA,0.156687066,BACl8-3,3.2967
8,chloro,chloromet,soil,BA,0.099963869,BACl8-4,3.9054
8,chloro,chloromet,soil,BA,0.056237279,BACl8-5,3.5332
10,chloro,chloromet,soil,BA,0.063594741,BACl10-1,4.1822
10,chloro,chloromet,soil,BA,0.035490979,BACl10-2,3.2458
10,chloro,chloromet,soil,BA,0.096867509,BACl10-3,3.4718
10,chloro,chloromet,soil,BA,0.092997245,BACl10-4,3.6063
10,chloro,chloromet,soil,BA,0.0470855,BACl10-5,5.208
0,metol,metol,amphib,BA,2.931282055,BAM0-1,0.7276
0,metol,metol,amphib,BA,0.347103824,BAM0-2,0.8474
0,metol,metol,amphib,BA,0.747111843,BAM0-3,0.8754
0,metol,metol,amphib,BA,1.458126997,BAM0-4,0.8769
0,metol,metol,amphib,BA,0.842005182,BAM0-5,1.1394
2,metol,metol,amphib,BA,2.479837754,BAM2-1,0.8325
2,metol,metol,amphib,BA,0.390457959,BAM2-2,0.9548
2,metol,metol,amphib,BA,4.602085515,BAM2-3,1.0286
2,metol,metol,amphib,BA,16.00337772,BAM2-4,1.0815
2,metol,metol,amphib,BA,1.76131318,BAM2-5,0.9169
4,metol,metol,amphib,BA,0.649917011,BAM4-1,0.7677
4,metol,metol,amphib,BA,7.808781543,BAM4-2,0.7978
4,metol,metol,amphib,BA,3.96665148,BAM4-3,0.8958
4,metol,metol,amphib,BA,1.54276093,BAM4-4,1.0415
4,metol,metol,amphib,BA,3.211494858,BAM4-5,0.8499
6,metol,metol,amphib,BA,2.189307645,BAM6-1,0.9489
6,metol,metol,amphib,BA,3.779128738,BAM6-2,1.0449
6,metol,metol,amphib,BA,1.181637111,BAM6-3,1.095
6,metol,metol,amphib,BA,2.372274856,BAM6-4,1.0956
6,metol,metol,amphib,BA,1.347353954,BAM6-5,0.9067
8,metol,metol,amphib,BA,3.302635326,BAM8-1,0.8966
8,metol,metol,amphib,BA,2.478218461,BAM8-2,0.7619
8,metol,metol,amphib,BA,0.477943521,BAM8-3,0.8689
8,metol,metol,amphib,BA,2.62816273,BAM8-4,1.1094
8,metol,metol,amphib,BA,1.469074059,BAM8-5,0.9821
10,metol,metol,amphib,BA,3.784805012,BAM10-1,1.0263
10,metol,metol,amphib,BA,0.178266663,BAM10-2,0.9157
10,metol,metol,amphib,BA,0.83816974,BAM10-3,1.2425
10,metol,metol,amphib,BA,2.909853436,BAM10-4,1.3226
10,metol,metol,amphib,BA,3.06875616,BAM10-5,1.0177
0,metol,mesa,amphib,BA,2.46E-05,BAM0-1,0.7276
0,metol,mesa,amphib,BA,0.000191401,BAM0-2,0.8474
0,metol,mesa,amphib,BA,2.08E-05,BAM0-3,0.8754
0,metol,mesa,amphib,BA,8.13E-06,BAM0-4,0.8769
0,metol,mesa,amphib,BA,3.03E-05,BAM0-5,1.1394
2,metol,mesa,amphib,BA,1.61E-05,BAM2-1,0.8325
2,metol,mesa,amphib,BA,1.17E-05,BAM2-2,0.9548
2,metol,mesa,amphib,BA,0.002214968,BAM2-3,1.0286
2,metol,mesa,amphib,BA,0.000944609,BAM2-4,1.0815
2,metol,mesa,amphib,BA,0.000103842,BAM2-5,0.9169
4,metol,mesa,amphib,BA,1.66E-05,BAM4-1,0.7677
4,metol,mesa,amphib,BA,8.26E-05,BAM4-2,0.7978
4,metol,mesa,amphib,BA,5.49E-05,BAM4-3,0.8958
4,metol,mesa,amphib,BA,1.49E-05,BAM4-4,1.0415
4,metol,mesa,amphib,BA,0.000464958,BAM4-5,0.8499
6,metol,mesa,amphib,BA,2.48E-05,BAM6-1,0.9489
6,metol,mesa,amphib,BA,5.00E-05,BAM6-2,1.0449
6,metol,mesa,amphib,BA,0.000403367,BAM6-3,1.095
6,metol,mesa,amphib,BA,0.001100037,BAM6-4,1.0956
6,metol,mesa,amphib,BA,1.07E-05,BAM6-5,0.9067
8,metol,mesa,amphib,BA,3.71E-05,BAM8-1,0.8966
8,metol,mesa,amphib,BA,5.16E-05,BAM8-2,0.7619
8,metol,mesa,amphib,BA,9.81E-05,BAM8-3,0.8689
8,metol,mesa,amphib,BA,0.000247182,BAM8-4,1.1094
8,metol,mesa,amphib,BA,1.63E-05,BAM8-5,0.9821
10,metol,mesa,amphib,BA,9.78E-05,BAM10-1,1.0263
10,metol,mesa,amphib,BA,1.27E-05,BAM10-2,0.9157
10,metol,mesa,amphib,BA,0.003537708,BAM10-3,1.2425
10,metol,mesa,amphib,BA,0.000432232,BAM10-4,1.3226
10,metol,mesa,amphib,BA,4.31E-05,BAM10-5,1.0177
0,metol,moxa,amphib,BA,0.000294108,BAM0-1,0.7276
0,metol,moxa,amphib,BA,0.000558097,BAM0-2,0.8474
0,metol,moxa,amphib,BA,0.000283749,BAM0-3,0.8754
0,metol,moxa,amphib,BA,6.83E-05,BAM0-4,0.8769
0,metol,moxa,amphib,BA,0.000199081,BAM0-5,1.1394
2,metol,moxa,amphib,BA,0.000236363,BAM2-1,0.8325
2,metol,moxa,amphib,BA,7.66E-05,BAM2-2,0.9548
2,metol,moxa,amphib,BA,0.001442015,BAM2-3,1.0286
2,metol,moxa,amphib,BA,0.000510237,BAM2-4,1.0815
2,metol,moxa,amphib,BA,0.001269624,BAM2-5,0.9169
4,metol,moxa,amphib,BA,0.000146037,BAM4-1,0.7677
4,metol,moxa,amphib,BA,0.000143666,BAM4-2,0.7978
4,metol,moxa,amphib,BA,0.000365317,BAM4-3,0.8958
4,metol,moxa,amphib,BA,0.000264832,BAM4-4,1.0415
4,metol,moxa,amphib,BA,0.000602575,BAM4-5,0.8499
6,metol,moxa,amphib,BA,0.000131317,BAM6-1,0.9489
6,metol,moxa,amphib,BA,0.000477505,BAM6-2,1.0449
6,metol,moxa,amphib,BA,0.001041703,BAM6-3,1.095
6,metol,moxa,amphib,BA,0.00061023,BAM6-4,1.0956
6,metol,moxa,amphib,BA,0.000169511,BAM6-5,0.9067
8,metol,moxa,amphib,BA,0.000487905,BAM8-1,0.8966
8,metol,moxa,amphib,BA,0.000102546,BAM8-2,0.7619
8,metol,moxa,amphib,BA,0.000567456,BAM8-3,0.8689
8,metol,moxa,amphib,BA,0.00025952,BAM8-4,1.1094
8,metol,moxa,amphib,BA,9.27E-05,BAM8-5,0.9821
10,metol,moxa,amphib,BA,0.000387499,BAM10-1,1.0263
10,metol,moxa,amphib,BA,7.09E-05,BAM10-2,0.9157
10,metol,moxa,amphib,BA,0.000331489,BAM10-3,1.2425
10,metol,moxa,amphib,BA,0.000540016,BAM10-4,1.3226
10,metol,moxa,amphib,BA,0.000878546,BAM10-5,1.0177
0,metol,metol,soil,BA,24.61731819,BAM0-1,3.7271
0,metol,metol,soil,BA,21.3388881,BAM0-2,3.7838
0,metol,metol,soil,BA,21.93039744,BAM0-3,3.6278
0,metol,metol,soil,BA,22.93092162,BAM0-4,3.8578
0,metol,metol,soil,BA,16.69841723,BAM0-5,3.0515
2,metol,metol,soil,BA,21.78269156,BAM2-1,3.6949
2,metol,metol,soil,BA,30.13938696,BAM2-2,4.8362
2,metol,metol,soil,BA,22.89913875,BAM2-3,4.6374
2,metol,metol,soil,BA,15.50951631,BAM2-4,4.2573
2,metol,metol,soil,BA,22.61379371,BAM2-5,4.8019
4,metol,metol,soil,BA,18.84383325,BAM4-1,3.45
4,metol,metol,soil,BA,18.89979206,BAM4-2,4.2934
4,metol,metol,soil,BA,16.48638399,BAM4-3,4.6198
4,metol,metol,soil,BA,18.69187814,BAM4-4,4.2379
4,metol,metol,soil,BA,21.78738591,BAM4-5,3.7306
6,metol,metol,soil,BA,19.7286363,BAM6-1,3.8621
6,metol,metol,soil,BA,19.84548436,BAM6-2,3.7769
6,metol,metol,soil,BA,18.30042699,BAM6-3,4.0171
6,metol,metol,soil,BA,21.61340567,BAM6-4,2.7931
6,metol,metol,soil,BA,34.53939533,BAM6-5,3.3975
8,metol,metol,soil,BA,21.17580719,BAM8-1,4.0929
8,metol,metol,soil,BA,24.81521768,BAM8-2,4.0788
8,metol,metol,soil,BA,17.06118215,BAM8-3,3.7967
8,metol,metol,soil,BA,19.10055727,BAM8-4,3.5545
8,metol,metol,soil,BA,20.51550224,BAM8-5,3.0085
10,metol,metol,soil,BA,22.5379891,BAM10-1,3.5106
10,metol,metol,soil,BA,18.45842534,BAM10-2,3.7896
10,metol,metol,soil,BA,17.64342834,BAM10-3,3.7379
10,metol,metol,soil,BA,25.49063619,BAM10-4,4.2433
10,metol,metol,soil,BA,13.50246957,BAM10-5,3.6474
0,metol,mesa,soil,BA,4.99E-07,BAM0-1,3.7271
0,metol,mesa,soil,BA,1.55E-06,BAM0-2,3.7838
0,metol,mesa,soil,BA,5.21E-07,BAM0-3,3.6278
0,metol,mesa,soil,BA,9.45E-07,BAM0-4,3.8578
0,metol,mesa,soil,BA,5.79E-06,BAM0-5,3.0515
2,metol,mesa,soil,BA,7.48E-07,BAM2-1,3.6949
2,metol,mesa,soil,BA,3.15E-07,BAM2-2,4.8362
2,metol,mesa,soil,BA,3.49E-06,BAM2-3,4.6374
2,metol,mesa,soil,BA,1.16E-06,BAM2-4,4.2573
2,metol,mesa,soil,BA,2.11E-06,BAM2-5,4.8019
4,metol,mesa,soil,BA,5.95E-07,BAM4-1,3.45
4,metol,mesa,soil,BA,8.73E-07,BAM4-2,4.2934
4,metol,mesa,soil,BA,1.62E-06,BAM4-3,4.6198
4,metol,mesa,soil,BA,5.40E-07,BAM4-4,4.2379
4,metol,mesa,soil,BA,0,BAM4-5,3.7306
6,metol,mesa,soil,BA,9.27E-07,BAM6-1,3.8621
6,metol,mesa,soil,BA,2.11E-06,BAM6-2,3.7769
6,metol,mesa,soil,BA,3.05E-07,BAM6-3,4.0171
6,metol,mesa,soil,BA,0,BAM6-4,2.7931
6,metol,mesa,soil,BA,1.87E-06,BAM6-5,3.3975
8,metol,mesa,soil,BA,0,BAM8-1,4.0929
8,metol,mesa,soil,BA,8.14E-07,BAM8-2,4.0788
8,metol,mesa,soil,BA,3.28E-06,BAM8-3,3.7967
8,metol,mesa,soil,BA,9.20E-06,BAM8-4,3.5545
8,metol,mesa,soil,BA,0,BAM8-5,3.0085
10,metol,mesa,soil,BA,0,BAM10-1,3.5106
10,metol,mesa,soil,BA,4.02E-07,BAM10-2,3.7896
10,metol,mesa,soil,BA,1.13E-05,BAM10-3,3.7379
10,metol,mesa,soil,BA,1.73E-06,BAM10-4,4.2433
10,metol,mesa,soil,BA,8.62E-07,BAM10-5,3.6474
0,metol,moxa,soil,BA,5.50E-05,BAM0-1,3.7271
0,metol,moxa,soil,BA,4.36E-05,BAM0-2,3.7838
0,metol,moxa,soil,BA,3.72E-05,BAM0-3,3.6278
0,metol,moxa,soil,BA,2.32E-05,BAM0-4,3.8578
0,metol,moxa,soil,BA,7.52E-05,BAM0-5,3.0515
2,metol,moxa,soil,BA,1.03E-05,BAM2-1,3.6949
2,metol,moxa,soil,BA,4.07E-05,BAM2-2,4.8362
2,metol,moxa,soil,BA,3.34E-05,BAM2-3,4.6374
2,metol,moxa,soil,BA,1.79E-05,BAM2-4,4.2573
2,metol,moxa,soil,BA,1.68E-05,BAM2-5,4.8019
4,metol,moxa,soil,BA,2.84E-05,BAM4-1,3.45
4,metol,moxa,soil,BA,2.14E-05,BAM4-2,4.2934
4,metol,moxa,soil,BA,1.16E-05,BAM4-3,4.6198
4,metol,moxa,soil,BA,2.42E-05,BAM4-4,4.2379
4,metol,moxa,soil,BA,1.04E-05,BAM4-5,3.7306
6,metol,moxa,soil,BA,3.17E-05,BAM6-1,3.8621
6,metol,moxa,soil,BA,4.25E-05,BAM6-2,3.7769
6,metol,moxa,soil,BA,1.91E-05,BAM6-3,4.0171
6,metol,moxa,soil,BA,1.89E-05,BAM6-4,2.7931
6,metol,moxa,soil,BA,5.25E-05,BAM6-5,3.3975
8,metol,moxa,soil,BA,1.28E-05,BAM8-1,4.0929
8,metol,moxa,soil,BA,1.38E-05,BAM8-2,4.0788
8,metol,moxa,soil,BA,1.16E-05,BAM8-3,3.7967
8,metol,moxa,soil,BA,2.73E-05,BAM8-4,3.5545
8,metol,moxa,soil,BA,3.12E-05,BAM8-5,3.0085
10,metol,moxa,soil,BA,3.52E-05,BAM10-1,3.5106
10,metol,moxa,soil,BA,3.36E-05,BAM10-2,3.7896
10,metol,moxa,soil,BA,1.12E-05,BAM10-3,3.7379
10,metol,moxa,soil,BA,1.86E-05,BAM10-4,4.2433
10,metol,moxa,soil,BA,2.16E-05,BAM10-5,3.6474
0,tdn,tdn,amphib,BA,0.705452479,BAT0-1,0.8584
0,tdn,tdn,amphib,BA,0.234413969,BAT0-2,0.8488
0,tdn,tdn,amphib,BA,0.579612536,BAT0-3,0.9955
0,tdn,tdn,amphib,BA,0.355740799,BAT0-4,1.0281
0,tdn,tdn,amphib,BA,0.656741344,BAT0-5,1.1097
2,tdn,tdn,amphib,BA,0.67893805,BAT2-1,1.2155
2,tdn,tdn,amphib,BA,1.101694818,BAT2-2,0.8175
2,tdn,tdn,amphib,BA,0.471731541,BAT2-3,0.851
2,tdn,tdn,amphib,BA,0.355762936,BAT2-4,1.0826
2,tdn,tdn,amphib,BA,0.356340814,BAT2-5,0.8654
4,tdn,tdn,amphib,BA,1.070383806,BAT4-1,1.0271
4,tdn,tdn,amphib,BA,0.681923819,BAT4-2,0.8715
4,tdn,tdn,amphib,BA,1.020881176,BAT4-3,1.2942
4,tdn,tdn,amphib,BA,0.509585728,BAT4-4,1.1198
4,tdn,tdn,amphib,BA,3.217423384,BAT4-5,1.1049
6,tdn,tdn,amphib,BA,0.286638101,BAT6-1,0.7637
6,tdn,tdn,amphib,BA,0.294702812,BAT6-2,1.0612
6,tdn,tdn,amphib,BA,0.386336954,BAT6-3,0.8935
6,tdn,tdn,amphib,BA,0.440267136,BAT6-4,1.2336
6,tdn,tdn,amphib,BA,0.569826956,BAT6-5,1.2775
8,tdn,tdn,amphib,BA,0.556191253,BAT8-1,0.8524
8,tdn,tdn,amphib,BA,0.432994464,BAT8-2,0.9142
8,tdn,tdn,amphib,BA,0.676020901,BAT8-3,1.1256
8,tdn,tdn,amphib,BA,0.75550304,BAT8-4,1.0474
8,tdn,tdn,amphib,BA,0.264939632,BAT8-5,0.8709
10,tdn,tdn,amphib,BA,0.761585411,BAT10-1,1.0839
10,tdn,tdn,amphib,BA,0.227798267,BAT10-2,1.007
10,tdn,tdn,amphib,BA,0.722003836,BAT10-3,1.2054
10,tdn,tdn,amphib,BA,0.693917992,BAT10-4,0.9862
10,tdn,tdn,amphib,BA,0.514549742,BAT10-5,0.9313
0,tdn,tdla,amphib,BA,0.148652688,BAT0-1,0.8584
0,tdn,tdla,amphib,BA,0.075980196,BAT0-2,0.8488
0,tdn,tdla,amphib,BA,0.207138928,BAT0-3,0.9955
0,tdn,tdla,amphib,BA,0.102656067,BAT0-4,1.0281
0,tdn,tdla,amphib,BA,0.161746131,BAT0-5,1.1097
2,tdn,tdla,amphib,BA,0.250117077,BAT2-1,1.2155
2,tdn,tdla,amphib,BA,0.141245592,BAT2-2,0.8175
2,tdn,tdla,amphib,BA,0.13995313,BAT2-3,0.851
2,tdn,tdla,amphib,BA,0.081988325,BAT2-4,1.0826
2,tdn,tdla,amphib,BA,0.065757171,BAT2-5,0.8654
4,tdn,tdla,amphib,BA,0.239606332,BAT4-1,1.0271
4,tdn,tdla,amphib,BA,0.1972196,BAT4-2,0.8715
4,tdn,tdla,amphib,BA,0.306168799,BAT4-3,1.2942
4,tdn,tdla,amphib,BA,0.132702311,BAT4-4,1.1198
4,tdn,tdla,amphib,BA,0.216645233,BAT4-5,1.1049
6,tdn,tdla,amphib,BA,0.10215247,BAT6-1,0.7637
6,tdn,tdla,amphib,BA,0.09504755,BAT6-2,1.0612
6,tdn,tdla,amphib,BA,0.060027974,BAT6-3,0.8935
6,tdn,tdla,amphib,BA,0.089105187,BAT6-4,1.2336
6,tdn,tdla,amphib,BA,0.076197237,BAT6-5,1.2775
8,tdn,tdla,amphib,BA,0.148795645,BAT8-1,0.8524
8,tdn,tdla,amphib,BA,0.064613481,BAT8-2,0.9142
8,tdn,tdla,amphib,BA,0.113116219,BAT8-3,1.1256
8,tdn,tdla,amphib,BA,0.214836906,BAT8-4,1.0474
8,tdn,tdla,amphib,BA,0.066972058,BAT8-5,0.8709
10,tdn,tdla,amphib,BA,0.12539732,BAT10-1,1.0839
10,tdn,tdla,amphib,BA,0.083986634,BAT10-2,1.007
10,tdn,tdla,amphib,BA,0.198515407,BAT10-3,1.2054
10,tdn,tdla,amphib,BA,0.124024639,BAT10-4,0.9862
10,tdn,tdla,amphib,BA,0.13424071,BAT10-5,0.9313
0,tdn,tdlb,amphib,BA,0.106950637,BAT0-1,0.8584
0,tdn,tdlb,amphib,BA,0.035705406,BAT0-2,0.8488
0,tdn,tdlb,amphib,BA,0.128540584,BAT0-3,0.9955
0,tdn,tdlb,amphib,BA,0.063149585,BAT0-4,1.0281
0,tdn,tdlb,amphib,BA,0.100533918,BAT0-5,1.1097
2,tdn,tdlb,amphib,BA,0.236954634,BAT2-1,1.2155
2,tdn,tdlb,amphib,BA,0.108795697,BAT2-2,0.8175
2,tdn,tdlb,amphib,BA,0.112258946,BAT2-3,0.851
2,tdn,tdlb,amphib,BA,0.052606163,BAT2-4,1.0826
2,tdn,tdlb,amphib,BA,0.035866287,BAT2-5,0.8654
4,tdn,tdlb,amphib,BA,0.184921802,BAT4-1,1.0271
4,tdn,tdlb,amphib,BA,0.133233739,BAT4-2,0.8715
4,tdn,tdlb,amphib,BA,0.223084297,BAT4-3,1.2942
4,tdn,tdlb,amphib,BA,0.104395709,BAT4-4,1.1198
4,tdn,tdlb,amphib,BA,0.147898828,BAT4-5,1.1049
6,tdn,tdlb,amphib,BA,0.085736292,BAT6-1,0.7637
6,tdn,tdlb,amphib,BA,0.061880232,BAT6-2,1.0612
6,tdn,tdlb,amphib,BA,0.022119799,BAT6-3,0.8935
6,tdn,tdlb,amphib,BA,0.081173358,BAT6-4,1.2336
6,tdn,tdlb,amphib,BA,0.061889195,BAT6-5,1.2775
8,tdn,tdlb,amphib,BA,0.077483346,BAT8-1,0.8524
8,tdn,tdlb,amphib,BA,0.024276743,BAT8-2,0.9142
8,tdn,tdlb,amphib,BA,0.070806487,BAT8-3,1.1256
8,tdn,tdlb,amphib,BA,0.177877827,BAT8-4,1.0474
8,tdn,tdlb,amphib,BA,0.033870654,BAT8-5,0.8709
10,tdn,tdlb,amphib,BA,0.101421807,BAT10-1,1.0839
10,tdn,tdlb,amphib,BA,0.047615173,BAT10-2,1.007
10,tdn,tdlb,amphib,BA,0.167934972,BAT10-3,1.2054
10,tdn,tdlb,amphib,BA,0.083532969,BAT10-4,0.9862
10,tdn,tdlb,amphib,BA,0.104291534,BAT10-5,0.9313
0,tdn,tdn,soil,BA,4.623967642,BAT0-1,4.6276
0,tdn,tdn,soil,BA,4.576445003,BAT0-2,3.6573
0,tdn,tdn,soil,BA,4.945654456,BAT0-3,5.0974
0,tdn,tdn,soil,BA,2.883188373,BAT0-4,5.1587
0,tdn,tdn,soil,BA,3.813555416,BAT0-5,4.9401
2,tdn,tdn,soil,BA,4.002153511,BAT2-1,4.3541
2,tdn,tdn,soil,BA,4.565613817,BAT2-2,4.1025
2,tdn,tdn,soil,BA,3.940878794,BAT2-3,3.3384
2,tdn,tdn,soil,BA,3.048173056,BAT2-4,4.9186
2,tdn,tdn,soil,BA,2.12684801,BAT2-5,4.6002
4,tdn,tdn,soil,BA,6.019197262,BAT4-1,4.9373
4,tdn,tdn,soil,BA,3.720045765,BAT4-2,3.8796
4,tdn,tdn,soil,BA,3.940413307,BAT4-3,4.2275
4,tdn,tdn,soil,BA,5.296550596,BAT4-4,3.8029
4,tdn,tdn,soil,BA,6.945352858,BAT4-5,3.5011
6,tdn,tdn,soil,BA,3.602278375,BAT6-1,4.0967
6,tdn,tdn,soil,BA,3.750249506,BAT6-2,4.663
6,tdn,tdn,soil,BA,6.322726358,BAT6-3,4.8549
6,tdn,tdn,soil,BA,4.897593016,BAT6-4,3.2917
6,tdn,tdn,soil,BA,4.591640691,BAT6-5,4.0753
8,tdn,tdn,soil,BA,5.459072604,BAT8-1,4.434
8,tdn,tdn,soil,BA,4.507937226,BAT8-2,4.2325
8,tdn,tdn,soil,BA,5.011321534,BAT8-3,4.2616
8,tdn,tdn,soil,BA,3.31837221,BAT8-4,5.9419
8,tdn,tdn,soil,BA,5.387182037,BAT8-5,4.7552
10,tdn,tdn,soil,BA,4.821906293,BAT10-1,4.3292
10,tdn,tdn,soil,BA,3.750142848,BAT10-2,3.6545
10,tdn,tdn,soil,BA,3.640657566,BAT10-3,4.2775
10,tdn,tdn,soil,BA,3.0485444,BAT10-4,2.6389
10,tdn,tdn,soil,BA,3.77031985,BAT10-5,4.7733
0,tdn,tdla,soil,BA,0.026368821,BAT0-1,4.6276
0,tdn,tdla,soil,BA,0.022151675,BAT0-2,3.6573
0,tdn,tdla,soil,BA,0.012864544,BAT0-3,5.0974
0,tdn,tdla,soil,BA,0.020264758,BAT0-4,5.1587
0,tdn,tdla,soil,BA,0.02202827,BAT0-5,4.9401
2,tdn,tdla,soil,BA,0.030903201,BAT2-1,4.3541
2,tdn,tdla,soil,BA,0.02120876,BAT2-2,4.1025
2,tdn,tdla,soil,BA,0.02847303,BAT2-3,3.3384
2,tdn,tdla,soil,BA,0.014166198,BAT2-4,4.9186
2,tdn,tdla,soil,BA,0.020179693,BAT2-5,4.6002
4,tdn,tdla,soil,BA,0.027962106,BAT4-1,4.9373
4,tdn,tdla,soil,BA,0.023579696,BAT4-2,3.8796
4,tdn,tdla,soil,BA,0.022956506,BAT4-3,4.2275
4,tdn,tdla,soil,BA,0.025930024,BAT4-4,3.8029
4,tdn,tdla,soil,BA,0.020778298,BAT4-5,3.5011
6,tdn,tdla,soil,BA,0.024394488,BAT6-1,4.0967
6,tdn,tdla,soil,BA,0.019495126,BAT6-2,4.663
6,tdn,tdla,soil,BA,0.014436236,BAT6-3,4.8549
6,tdn,tdla,soil,BA,0.013192538,BAT6-4,3.2917
6,tdn,tdla,soil,BA,0.017199661,BAT6-5,4.0753
8,tdn,tdla,soil,BA,0.012759058,BAT8-1,4.434
8,tdn,tdla,soil,BA,0.02249402,BAT8-2,4.2325
8,tdn,tdla,soil,BA,0.018225424,BAT8-3,4.2616
8,tdn,tdla,soil,BA,0.014066677,BAT8-4,5.9419
8,tdn,tdla,soil,BA,0.00820022,BAT8-5,4.7552
10,tdn,tdla,soil,BA,0.020068948,BAT10-1,4.3292
10,tdn,tdla,soil,BA,0.024129838,BAT10-2,3.6545
10,tdn,tdla,soil,BA,0.018718821,BAT10-3,4.2775
10,tdn,tdla,soil,BA,0.020123166,BAT10-4,2.6389
10,tdn,tdla,soil,BA,0.013655134,BAT10-5,4.7733
0,tdn,tdlb,soil,BA,0.027285325,BAT0-1,4.6276
0,tdn,tdlb,soil,BA,0.026915678,BAT0-2,3.6573
0,tdn,tdlb,soil,BA,0.013887524,BAT0-3,5.0974
0,tdn,tdlb,soil,BA,0.029278646,BAT0-4,5.1587
0,tdn,tdlb,soil,BA,0.028446898,BAT0-5,4.9401
2,tdn,tdlb,soil,BA,0.046683854,BAT2-1,4.3541
2,tdn,tdlb,soil,BA,0.028327976,BAT2-2,4.1025
2,tdn,tdlb,soil,BA,0.039089768,BAT2-3,3.3384
2,tdn,tdlb,soil,BA,0.017791712,BAT2-4,4.9186
2,tdn,tdlb,soil,BA,0.023431226,BAT2-5,4.6002
4,tdn,tdlb,soil,BA,0.035836435,BAT4-1,4.9373
4,tdn,tdlb,soil,BA,0.027179885,BAT4-2,3.8796
4,tdn,tdlb,soil,BA,0.029740335,BAT4-3,4.2275
4,tdn,tdlb,soil,BA,0.02897128,BAT4-4,3.8029
4,tdn,tdlb,soil,BA,0.023043305,BAT4-5,3.5011
6,tdn,tdlb,soil,BA,0.034729269,BAT6-1,4.0967
6,tdn,tdlb,soil,BA,0.02756399,BAT6-2,4.663
6,tdn,tdlb,soil,BA,0.018302371,BAT6-3,4.8549
6,tdn,tdlb,soil,BA,0.008540069,BAT6-4,3.2917
6,tdn,tdlb,soil,BA,0.016207843,BAT6-5,4.0753
8,tdn,tdlb,soil,BA,0.007367332,BAT8-1,4.434
8,tdn,tdlb,soil,BA,0.025528471,BAT8-2,4.2325
8,tdn,tdlb,soil,BA,0.018258126,BAT8-3,4.2616
8,tdn,tdlb,soil,BA,0.019769079,BAT8-4,5.9419
8,tdn,tdlb,soil,BA,0.006800223,BAT8-5,4.7552
10,tdn,tdlb,soil,BA,0.027177933,BAT10-1,4.3292
10,tdn,tdlb,soil,BA,0.025174949,BAT10-2,3.6545
10,tdn,tdlb,soil,BA,0.021523508,BAT10-3,4.2775
10,tdn,tdlb,soil,BA,0.017572549,BAT10-4,2.6389
10,tdn,tdlb,soil,BA,0.010874743,BAT10-5,4.7733